-- *******************************************************************************
-- *                                                                     
-- *   GRUPA LABORATORYJNA: 3		               
-- *                                 
-- *******************************************************************************
-- * 																		     
-- *   Nazwisko i imiê: Garncarek Dawid                                                         
-- * 																		     
-- *******************************************************************************
-- * 																		     
-- *   Nr indeksu: 101095                                                              
-- * 																		     
-- *******************************************************************************

-- -------------------------------------------------------------------------------
-- Tworzenie struktury bazy - tabele                                    
-- -------------------------------------------------------------------------------


-- -------------------------------------------------------------------------------
-- Pojedyncze tabele                                        
-- -------------------------------------------------------------------------------

CREATE TABLE Price (
    Id NUMBER GENERATED BY DEFAULT AS IDENTITY NOT NULL,
    PriceDate TIMESTAMP NULL,
    Price NUMBER(10, 2) NULL,
    Message NVARCHAR2(150) NULL,
    UserName NVARCHAR2(50) NULL
);

ALTER TABLE Price ADD CONSTRAINT PK_Price PRIMARY KEY ( Id );

CREATE TABLE Weight (
    Id NUMBER GENERATED BY DEFAULT AS IDENTITY NOT NULL,
    WeightDate TIMESTAMP NULL,
    UserWeight NUMBER(10, 2) NULL,
    GoalWeight NUMBER(10, 2) NULL,
    UserName NVARCHAR2(50) NULL
);

ALTER TABLE Weight ADD CONSTRAINT PK_Weight PRIMARY KEY ( Id );

CREATE TABLE BmiResult (
    Id NUMBER GENERATED BY DEFAULT AS IDENTITY NOT NULL,
    CalculationDate TIMESTAMP NULL,
    ResultBMI NUMBER(10, 3) NULL,
    UserName NVARCHAR2(150) NULL
);

ALTER TABLE BmiResult ADD CONSTRAINT PK_BmiResult PRIMARY KEY ( Id );

CREATE TABLE ContactMessage (
    Id NUMBER GENERATED BY DEFAULT AS IDENTITY NOT NULL,
    MessageDate TIMESTAMP NULL,
    MessageName NVARCHAR2(150) NULL,
    Email NVARCHAR2(150) NULL,
    Topic NVARCHAR2(150) NULL,
    Message NVARCHAR2(350) NULL
);

ALTER TABLE ContactMessage ADD CONSTRAINT PK_ContactMessage PRIMARY KEY ( Id );

CREATE TABLE UserChatMessages (
    Id NUMBER GENERATED BY DEFAULT AS IDENTITY NOT NULL,
    MessageText NVARCHAR2(2000) NOT NULL,
    MessageTextDate TIMESTAMP NULL,
    UserName NVARCHAR2(50) NULL
);

ALTER TABLE UserChatMessages ADD CONSTRAINT PK_UserChatMessages PRIMARY KEY ( Id );

-- -------------------------------------------------------------------------------
-- Tabele przechowuj¹ce informacje o u¿ytkownikach                                          
-- -------------------------------------------------------------------------------

CREATE TABLE AspNetRoleClaims (
    Id NUMBER 	GENERATED BY DEFAULT AS IDENTITY NOT NULL,
    RoleId 	NVARCHAR2(450) NOT NULL,
    ClaimType 	NCLOB NULL,
    ClaimValue 	NCLOB NULL
);

ALTER TABLE AspNetRoleClaims ADD CONSTRAINT PK_AspNetRoleClaims PRIMARY KEY ( Id );

CREATE TABLE AspNetRoles (
    Id 			NVARCHAR2(450) NOT NULL,
    AspName 		NVARCHAR2(256) NULL,
    NormalizedName 	NVARCHAR2(256) NULL,
    ConcurrencyStamp 	NCLOB NULL
);

ALTER TABLE AspNetRoles ADD CONSTRAINT PK_AspNetRoles PRIMARY KEY ( Id );

CREATE TABLE AspNetUserClaims (
    Id 		NUMBER GENERATED BY DEFAULT AS IDENTITY NOT NULL,
    UserId	NVARCHAR2(450) NOT NULL,
    ClaimType 	NCLOB NULL,
    ClaimValue 	NCLOB NULL
);

ALTER TABLE AspNetUserClaims ADD CONSTRAINT PK_AspNetUserClaims PRIMARY KEY ( Id );

CREATE TABLE AspNetUserLogins (
    LoginProvider 		NVARCHAR2(128) NOT NULL,
    ProviderKey 		NVARCHAR2(128) NOT NULL,
    ProviderDisplayName 	NCLOB NULL,
    UserId 			NVARCHAR2(450) NOT NULL
);

ALTER TABLE AspNetUserLogins ADD CONSTRAINT PK_AspNetUserLogins PRIMARY KEY ( LoginProvider, ProviderKey );

CREATE TABLE AspNetUserRoles (
    UserId 	NVARCHAR2(450) NOT NULL,
    RoleId 	NVARCHAR2(450) NOT NULL
);

ALTER TABLE AspNetUserRoles ADD CONSTRAINT PK_AspNetUserRoles PRIMARY KEY ( UserId, RoleId );

CREATE TABLE AspNetUserTokens (
    UserId 	NVARCHAR2(450) NOT NULL,
    LoginProvider 	NVARCHAR2(450) NOT NULL,
    TokenName NVARCHAR2(450) NOT NULL,
    TokenValue NVARCHAR2(450) NULL  
);

ALTER TABLE AspNetUserTokens ADD CONSTRAINT PK_AspNetUserTokens PRIMARY KEY ( UserId, LoginProvider, TokenName );

CREATE TABLE AspNetUsers (
    Id 			 NVARCHAR2(450) NOT NULL,
    UserName 		 NVARCHAR2(256) NULL,
    NormalizedUserName   NVARCHAR2(256) NULL,
    Email		 NVARCHAR2(256) NULL,
    NormalizedEmail 	 NVARCHAR2(256) NULL,
    EmailConfirmed 	 NUMBER(1) NOT NULL,
    PasswordHash 	 NCLOB NULL,
    SecurityStamp 	 NCLOB NULL,
    ConcurrencyStamp 	 NCLOB NULL,
    PhoneNumber 	 NCLOB NULL,
    PhoneNumberConfirmed NUMBER(1) NOT NULL,
    TwoFactorEnabled 	 NUMBER(1) NOT NULL,
    LockoutEnd 		 TIMESTAMP NULL,
    LockoutEnabled 	 NUMBER(1) NOT NULL,
    AccessFailedCount 	 NUMBER NOT NULL
);

ALTER TABLE AspNetUsers ADD CONSTRAINT PK_AspNetUsers PRIMARY KEY ( Id );

ALTER TABLE AspNetRoleClaims
ADD CONSTRAINT FK_AspNetRoleClaims_RoleId FOREIGN KEY (RoleId)
    REFERENCES AspNetRoles (Id);

ALTER TABLE AspNetUserClaims
ADD CONSTRAINT FK_AspNetUserClaims_UserId FOREIGN KEY (UserId)
    REFERENCES AspNetUsers (Id);
    
ALTER TABLE AspNetUserLogins
ADD CONSTRAINT FK_AspNetUserLogins_UserId FOREIGN KEY (UserId)
    REFERENCES AspNetUsers (Id);
    
ALTER TABLE AspNetUserRoles
ADD CONSTRAINT FK_AspNetUserRoles_UserId FOREIGN KEY (UserId)
    REFERENCES AspNetUsers (Id);
    
ALTER TABLE AspNetUserRoles
ADD CONSTRAINT FK_AspNetUserRoles_RoleId FOREIGN KEY (RoleId)
    REFERENCES AspNetRoles (Id);
    
ALTER TABLE AspNetUserTokens
ADD CONSTRAINT FK_AspNetUserTokens_RoleId FOREIGN KEY (UserId)
    REFERENCES AspNetRoles (Id);

-- -------------------------------------------------------------------------------
-- Tabele odpowiedzialne, za funkcje licznika kalorii                                         
-- -------------------------------------------------------------------------------

CREATE TABLE UserCaloriesNeeded (
    Id NUMBER GENERATED BY DEFAULT AS IDENTITY NOT NULL,
    NewCaloriesDate TIMESTAMP NULL,
    CaloriesNeededResult NUMBER(10, 2) NULL,
    UserName NVARCHAR2(250) NULL
);

ALTER TABLE UserCaloriesNeeded ADD CONSTRAINT PK_UserCaloriesNeeded PRIMARY KEY ( Id );

CREATE TABLE UserCaloriesResult (
    Id NUMBER GENERATED BY DEFAULT AS IDENTITY NOT NULL,
    NewCaloriesDate TIMESTAMP NULL,
    ProductId NUMBER NULL,
    Calories NUMBER(10, 2) NULL,
    UserName NVARCHAR2(50) NULL
);

ALTER TABLE UserCaloriesResult ADD CONSTRAINT PK_UserCaloriesResult PRIMARY KEY ( Id );

CREATE TABLE FoodProducts (
    Id NUMBER GENERATED BY DEFAULT AS IDENTITY NOT NULL,
    ProductName NVARCHAR2(255) NOT NULL,
    Protein NUMBER(5, 2) NOT NULL,
    Fats NUMBER(5, 2) NOT NULL,
    Carbohydrates NUMBER(5, 2) NOT NULL,
    Calories_100g NUMBER(5, 2) NOT NULL
);

ALTER TABLE FoodProducts ADD CONSTRAINT PK_FoodProducts PRIMARY KEY ( Id );

ALTER TABLE UserCaloriesResult 
ADD CONSTRAINT FK_UserCaloriesResult_ProductId FOREIGN KEY (ProductId)
    REFERENCES FoodProducts (Id);

-- -------------------------------------------------------------------------------
-- Tabele odpowiedzialne za plan æwiczeniowy                                          
-- -------------------------------------------------------------------------------

CREATE TABLE UserExerciseSets (
    Id NUMBER GENERATED BY DEFAULT AS IDENTITY NOT NULL,
    UserName NVARCHAR2(50) NOT NULL,
    ExerciseSetId NUMBER NOT NULL,
    DateAssigned TIMESTAMP NOT NULL,
    TrainingDay NUMBER NULL
);

ALTER TABLE UserExerciseSets ADD CONSTRAINT PK_UserExerciseSets PRIMARY KEY ( Id );

CREATE TABLE Exercises (
    Id NUMBER GENERATED BY DEFAULT AS IDENTITY NOT NULL,
    ExerciseName NVARCHAR2(250) NOT NULL,
    ExerciseDescription NCLOB NULL,
    IntensityLevel NVARCHAR2(50) NULL,
    DurationMinutes NUMBER NULL,
    ExerciseLocation NVARCHAR2(50) NULL,
    Goals NVARCHAR2(50) NULL,
    DifficultyLevel NVARCHAR2(50) NULL 
);

ALTER TABLE Exercises ADD CONSTRAINT PK_Exercises PRIMARY KEY ( Id );

CREATE TABLE UserAnswersExercises (
    Id NUMBER GENERATED BY DEFAULT AS IDENTITY NOT NULL,
    QuestionId NUMBER NOT NULL,
    ChosenAnswerId NUMBER NOT NULL,
    DateAnswered TIMESTAMP NULL,
    UserName NVARCHAR2(50) NULL 
);

ALTER TABLE UserAnswersExercises ADD CONSTRAINT PK_UserAnswersExercises PRIMARY KEY ( Id );

CREATE TABLE QuestionExercises (
    Id NUMBER GENERATED BY DEFAULT AS IDENTITY NOT NULL,
    QuestionText NVARCHAR2(500) NULL,
    QuestionCategory NVARCHAR2(250) NULL,
    DateCreated TIMESTAMP NULL,
    IsActive NUMBER(1) NOT NULL
);

ALTER TABLE QuestionExercises ADD CONSTRAINT PK_QuestionExercises PRIMARY KEY ( Id );

CREATE TABLE PossibleAnswersExercises (
    Id NUMBER GENERATED BY DEFAULT AS IDENTITY NOT NULL,
    QuestionId NUMBER NOT NULL,
    AnswerOption CHAR(1) NULL,
    AnswerText NVARCHAR2(500) NULL
);

ALTER TABLE PossibleAnswersExercises ADD CONSTRAINT PK_PossibleAnswersExercises PRIMARY KEY ( Id );

ALTER TABLE UserExerciseSets
ADD CONSTRAINT FK_UserExerciseSets_ExerciseSetId FOREIGN KEY (ExerciseSetId)
    REFERENCES Exercises (Id);

ALTER TABLE UserAnswersExercises
ADD CONSTRAINT FK_UserAnswersExercises_QuestionId FOREIGN KEY (QuestionId)
    REFERENCES QuestionExercises (Id);

ALTER TABLE UserAnswersExercises
ADD CONSTRAINT FK_UserAnswersExercises_ChosenAnswerId FOREIGN KEY (ChosenAnswerId)
    REFERENCES PossibleAnswersExercises (Id);

ALTER TABLE PossibleAnswersExercises 
ADD CONSTRAINT FK_PossibleAnswersExercises_QuestionId FOREIGN KEY (QuestionId)
    REFERENCES QuestionExercises (Id);

-- -------------------------------------------------------------------------------
-- Tabele odpowiedzialne za plan dietetyczny                                          
-- -------------------------------------------------------------------------------

CREATE TABLE UserAnswersDietCalories (
    Id NUMBER GENERATED BY DEFAULT AS IDENTITY NOT NULL,
    QuestionId NUMBER NOT NULL,
    Answer NUMBER NOT NULL,
    DateAnswered TIMESTAMP NULL,
    UserName NVARCHAR2(150) NULL
);

ALTER TABLE UserAnswersDietCalories ADD CONSTRAINT PK_UserAnswersDietCalories PRIMARY KEY ( Id );

CREATE TABLE QuestionDiet (
    Id NUMBER GENERATED BY DEFAULT AS IDENTITY NOT NULL,
    QuestionText NVARCHAR2(500) NULL,
    QuestionCategory NVARCHAR2(250) NULL,
    DateCreated TIMESTAMP NULL,
    IsActive NUMBER(1) NOT NULL
);

ALTER TABLE QuestionDiet ADD CONSTRAINT PK_QuestionDiet PRIMARY KEY ( Id );

CREATE TABLE PossibleAnswersDiet (
    Id NUMBER GENERATED BY DEFAULT AS IDENTITY NOT NULL,
    QuestionId NUMBER NOT NULL,
    AnswerOption CHAR(1) NULL,
    AnswerText NVARCHAR2(500) NULL
);

ALTER TABLE PossibleAnswersDiet ADD CONSTRAINT PK_PossibleAnswersDiet PRIMARY KEY ( Id );

CREATE TABLE UserAnswersDiet (
    Id NUMBER GENERATED BY DEFAULT AS IDENTITY NOT NULL,
    QuestionId NUMBER NOT NULL,
    ChosenAnswerId NUMBER NOT NULL,
    DateAnswered TIMESTAMP NULL,
    UserName NVARCHAR2(150) NULL
);

ALTER TABLE UserAnswersDiet ADD CONSTRAINT PK_UserAnswersDiet PRIMARY KEY ( Id );

CREATE TABLE UserMealSets (
    Id NUMBER GENERATED BY DEFAULT AS IDENTITY NOT NULL,
    UserName NVARCHAR2(150) NOT NULL,
    BreakfastId NUMBER NULL, 
    LunchId NUMBER NULL, 
    DinnerId NUMBER NULL, 
    MealDay NUMBER NULL 
);

ALTER TABLE UserMealSets ADD CONSTRAINT PK_UserMealSets PRIMARY KEY ( Id );

CREATE TABLE Meals (
    Id NUMBER GENERATED BY DEFAULT AS IDENTITY NOT NULL,
    MealName NVARCHAR2(250) NOT NULL,
    Protein NUMBER(4, 1) NOT NULL,
    Fats NUMBER(4, 1) NOT NULL,
    Carbohydrates NUMBER(4, 1) NOT NULL,
    Calories NUMBER NOT NULL,
    MealType NVARCHAR2(50) NOT NULL,
    Goals NVARCHAR2(50) NULL,
    Allergy NVARCHAR2(50) NULL,
    Type NVARCHAR2(50) NULL,
    FoodType NVARCHAR2(50) NULL,
    ProductType NVARCHAR2(50) NULL,
    RegionTypeFood NVARCHAR2(50) NULL,
    ExcludedProducts NVARCHAR2(50) NULL
);

ALTER TABLE Meals ADD CONSTRAINT PK_Meals PRIMARY KEY ( Id );

CREATE TABLE Recipes (
    Id NUMBER GENERATED BY DEFAULT AS IDENTITY NOT NULL,
    MealId NUMBER NOT NULL,
    RecipeText NCLOB NOT NULL
);

ALTER TABLE Recipes ADD CONSTRAINT PK_Recipes PRIMARY KEY ( Id );

ALTER TABLE UserAnswersDietCalories
ADD CONSTRAINT FK_UserAnswersDietCalories_QuestionId FOREIGN KEY (QuestionId)
    REFERENCES QuestionDiet (Id);

ALTER TABLE PossibleAnswersDiet 
ADD CONSTRAINT FK_PossibleAnswersDiet_QuestionId FOREIGN KEY (QuestionId)
    REFERENCES QuestionDiet (Id);

ALTER TABLE UserAnswersDiet 
ADD CONSTRAINT FK_UserAnswersDiet_QuestionId FOREIGN KEY (QuestionId)
    REFERENCES QuestionDiet (Id);

ALTER TABLE UserAnswersDiet 
ADD CONSTRAINT FK_UserAnswersDiet_ChosenAnswerId FOREIGN KEY (ChosenAnswerId)
    REFERENCES PossibleAnswersDiet (Id);

ALTER TABLE Recipes
ADD CONSTRAINT FK_Recipes_MealId FOREIGN KEY (MealId)
    REFERENCES Meals (Id);

ALTER TABLE UserMealSets
ADD CONSTRAINT FK_UserMealSets_BreakfastId FOREIGN KEY (BreakfastId)
    REFERENCES Meals (Id);

ALTER TABLE UserMealSets
ADD CONSTRAINT FK_UserMealSets_DinnerId FOREIGN KEY (DinnerId)
    REFERENCES Meals (Id);

ALTER TABLE UserMealSets
ADD CONSTRAINT FK_UserMealSets_LunchId FOREIGN KEY (LunchId)
    REFERENCES Meals (Id);

-- -------------------------------------------------------------------------------
-- Inserty                                          
-- -------------------------------------------------------------------------------

INSERT INTO AspNetUsers (Id, UserName, NormalizedUserName, Email, NormalizedEmail, EmailConfirmed, PasswordHash, SecurityStamp, ConcurrencyStamp, PhoneNumber, PhoneNumberConfirmed, TwoFactorEnabled, LockoutEnd, LockoutEnabled, AccessFailedCount) VALUES (N'04abbb61-d676-4834-be27-3be481cd1447', N'emil123@gmail.com', N'EMIL123@GMAIL.COM', N'emil123@gmail.com', N'EMIL123@GMAIL.COM', 1, N'AQAAAAIAAYagAAAAEICHfPq7JAd+2/zJ0wTuQa/NYTQMeiv53LtC/K3U/h7BF+PfzPLsIsWL48yL4ICPqQ==', N'KQR7S5J5P5ERTVWGFTMTC5576VLELGN3', N'e0a0277b-811b-4ba8-b02e-8808ca17e1fe', NULL, 0, 0, NULL, 1, 0);
INSERT INTO AspNetUsers (Id, UserName, NormalizedUserName, Email, NormalizedEmail, EmailConfirmed, PasswordHash, SecurityStamp, ConcurrencyStamp, PhoneNumber, PhoneNumberConfirmed, TwoFactorEnabled, LockoutEnd, LockoutEnabled, AccessFailedCount) VALUES (N'1fe42030-cc0b-4649-9919-9724a7760482', N'untus1@wp.pl', N'UNTUS1@WP.PL', N'untus1@wp.pl', N'UNTUS1@WP.PL', 1, N'AQAAAAIAAYagAAAAENLK+oSj6t7SKLX+1d4lE7EitcfuT/kz6bT2jfvDRVEvEoFf5nJkYAFlzXeUufbyNg==', N'G62HS3HDQFJBMVM6IAOM4WJTN4PPC7SC', N'9a183121-cd64-4530-9f52-0325cf1c1061', NULL, 0, 0, NULL, 1, 0);
INSERT INTO AspNetUsers (Id, UserName, NormalizedUserName, Email, NormalizedEmail, EmailConfirmed, PasswordHash, SecurityStamp, ConcurrencyStamp, PhoneNumber, PhoneNumberConfirmed, TwoFactorEnabled, LockoutEnd, LockoutEnabled, AccessFailedCount) VALUES (N'251210d5-4413-45a0-b8ad-7331cfa95a99', N'gfs@wp.pl', N'GFS@WP.PL', N'gfs@wp.pl', N'GFS@WP.PL', 1, N'AQAAAAIAAYagAAAAEAwdX43LGwizdVuImJBgpYTAS8xIr6DHRm/1cTFoo+lDxUSK0YEq1PusqG3hj8qs/A==', N'ETV5VNY7O25EMIB6YCMI3C472F65MUKO', N'e27fde5f-3739-4106-9baa-80e05f86615a', NULL, 0, 0, NULL, 1, 0);
INSERT INTO AspNetUsers (Id, UserName, NormalizedUserName, Email, NormalizedEmail, EmailConfirmed, PasswordHash, SecurityStamp, ConcurrencyStamp, PhoneNumber, PhoneNumberConfirmed, TwoFactorEnabled, LockoutEnd, LockoutEnabled, AccessFailedCount) VALUES (N'2a0904f4-cfb4-42b6-b88d-ab1875409e9f', N'123@wp.pl', N'123@WP.PL', N'123@wp.pl', N'123@WP.PL', 1, N'AQAAAAIAAYagAAAAEEq+JPMCe0hC6O21sNh/3QxWTVQewD8rnelJabhRdIOWm7ktlE7y1r/4McqJvW1/KA==', N'J4EWYTGTGQP4ZJR65HMFCNXD5N4WVQSK', N'dd3eae23-5ac1-4a06-a443-deccac1530e2', NULL, 0, 0, NULL, 1, 0);
INSERT INTO AspNetUsers (Id, UserName, NormalizedUserName, Email, NormalizedEmail, EmailConfirmed, PasswordHash, SecurityStamp, ConcurrencyStamp, PhoneNumber, PhoneNumberConfirmed, TwoFactorEnabled, LockoutEnd, LockoutEnabled, AccessFailedCount) VALUES (N'2bdd3100-54e9-46a3-beb0-53363bbe1503', N'jgh@wp.pl', N'JGH@WP.PL', N'jgh@wp.pl', N'JGH@WP.PL', 1, N'AQAAAAIAAYagAAAAELdjyrdxiRJEja5y5OSunHDalpqddbfJzPhwuLi6CHnMkj9+hayJWyqFiu1puOnJxw==', N'GQOP4PEO6USQM2IKLHGOE2ACNQTR5YGL', N'4991ac91-55a4-496e-8b10-af425821b4e8', NULL, 0, 0, NULL, 1, 0);
INSERT INTO AspNetUsers (Id, UserName, NormalizedUserName, Email, NormalizedEmail, EmailConfirmed, PasswordHash, SecurityStamp, ConcurrencyStamp, PhoneNumber, PhoneNumberConfirmed, TwoFactorEnabled, LockoutEnd, LockoutEnabled, AccessFailedCount) VALUES (N'3ea41d9b-0f5a-4ff5-80f1-64885c521783', N'dwa@wp.pl', N'DWA@WP.PL', N'dwa@wp.pl', N'DWA@WP.PL', 1, N'AQAAAAIAAYagAAAAELYl59pxKdiRjembSB0/S7dUP6EXXd6EbsBqwwPZVzAPX/XngNd3ixCiKtjkZC/5/w==', N'FCCYLNECI5OUBWGYPSMBZZIG5CZTVK2J', N'aa54f309-c4bb-4d3b-a00e-2cf749c77444', NULL, 0, 0, NULL, 1, 0);
INSERT INTO AspNetUsers (Id, UserName, NormalizedUserName, Email, NormalizedEmail, EmailConfirmed, PasswordHash, SecurityStamp, ConcurrencyStamp, PhoneNumber, PhoneNumberConfirmed, TwoFactorEnabled, LockoutEnd, LockoutEnabled, AccessFailedCount) VALUES (N'462e8306-f84e-4188-8a96-36558af56d3b', N'test1@wp.pl', N'TEST1@WP.PL', N'test1@wp.pl', N'TEST1@WP.PL', 1, N'AQAAAAIAAYagAAAAEK00+hTN9qlu7oC8qGiiozhufz2mVf55zOeX5aLPKT3isBCraakgWmBNfLdDw4WwpQ==', N'JUK344GI7VVAC7VB5UAXQDLOEJ4BIGFP', N'ddca3393-bdda-434b-8d19-9353c79323b6', NULL, 0, 0, NULL, 1, 0);
INSERT INTO AspNetUsers (Id, UserName, NormalizedUserName, Email, NormalizedEmail, EmailConfirmed, PasswordHash, SecurityStamp, ConcurrencyStamp, PhoneNumber, PhoneNumberConfirmed, TwoFactorEnabled, LockoutEnd, LockoutEnabled, AccessFailedCount) VALUES (N'627d268a-2e6d-4f53-ba1e-4982898bf619', N'asdasd@wp.pl', N'ASDASD@WP.PL', N'asdasd@wp.pl', N'ASDASD@WP.PL', 0, N'AQAAAAIAAYagAAAAEPF2AtuF/SHqtZ30y2PMrkCkMjvMZSBfC3UM0MG6gutpM/C5HZgib6MAdAaKZaL+Sw==', N'7I7THMJ3F62ZAKGLE3UMNPXI2J372TMU', N'9b9559d3-cbfb-464a-9614-191b4324ca07', NULL, 0, 0, NULL, 1, 0);
INSERT INTO AspNetUsers (Id, UserName, NormalizedUserName, Email, NormalizedEmail, EmailConfirmed, PasswordHash, SecurityStamp, ConcurrencyStamp, PhoneNumber, PhoneNumberConfirmed, TwoFactorEnabled, LockoutEnd, LockoutEnabled, AccessFailedCount) VALUES (N'77d03081-f083-4c15-a54d-0f7559626bc6', N'test123@wp.pl', N'TEST123@WP.PL', N'test123@wp.pl', N'TEST123@WP.PL', 1, N'AQAAAAIAAYagAAAAEBFR5dkTqCCMsn4I0w4owDexCxK7SuwbSi85yKNFi74OVSyhz/XbyWc8Nndz7IPZgg==', N'JTEWWALH43WJSIB73TQFFPRJOUW3TFPI', N'e9a642e5-b9d4-4a13-aaeb-20e46076a8a6', NULL, 0, 0, NULL, 1, 0);
INSERT INTO AspNetUsers (Id, UserName, NormalizedUserName, Email, NormalizedEmail, EmailConfirmed, PasswordHash, SecurityStamp, ConcurrencyStamp, PhoneNumber, PhoneNumberConfirmed, TwoFactorEnabled, LockoutEnd, LockoutEnabled, AccessFailedCount) VALUES (N'89293fce-6cbe-4185-96bc-2141ea949876', N'test@wp.pl', N'TEST@WP.PL', N'test@wp.pl', N'TEST@WP.PL', 1, N'AQAAAAIAAYagAAAAEN4OnHT9ujY3uNz5WaHCm13T9ULGA5mXIvh/o8DIFwf1Wypk7nWv22WrdVdMUujWRg==', N'GOVW73S34RGIHJXA2N3B7TX4VWBO7V3J', N'd7ab84e3-dc75-422e-8918-01ea42fd9eac', NULL, 0, 0, NULL, 1, 0);
INSERT INTO AspNetUsers (Id, UserName, NormalizedUserName, Email, NormalizedEmail, EmailConfirmed, PasswordHash, SecurityStamp, ConcurrencyStamp, PhoneNumber, PhoneNumberConfirmed, TwoFactorEnabled, LockoutEnd, LockoutEnabled, AccessFailedCount) VALUES (N'89cebb39-83f9-483f-bb67-3f57ec409f49', N'rty@wp.pl', N'RTY@WP.PL', N'rty@wp.pl', N'RTY@WP.PL', 1, N'AQAAAAIAAYagAAAAEG4Qa/Olm404PgJbmGc9x+lIXwKv4rVRarprwvDYK2nRfGRsHscdzFqGuc5hxJxvow==', N'2UBNA2DHBWP5E64OBVP32LQLKVYCGMQX', N'400dc1b0-82c3-4bd3-8e09-8794043cbdd5', NULL, 0, 0, NULL, 1, 0);
INSERT INTO AspNetUsers (Id, UserName, NormalizedUserName, Email, NormalizedEmail, EmailConfirmed, PasswordHash, SecurityStamp, ConcurrencyStamp, PhoneNumber, PhoneNumberConfirmed, TwoFactorEnabled, LockoutEnd, LockoutEnabled, AccessFailedCount) VALUES (N'90e6ee97-34c9-4d04-8fb4-cd1e7dbf0941', N'rtya@wp.pl', N'RTYA@WP.PL', N'rtya@wp.pl', N'RTYA@WP.PL', 1, N'AQAAAAIAAYagAAAAEG70udv6QYmIEaVQJuXFvo07MRb/j4Nx9wgdMLOy2oH14Lf4WTJcdujsXQPmpYXaRg==', N'64HDSEGBSLWI26EGI72EQRKAKXC2KI5Q', N'31c4d852-cf84-4795-8c96-d89e7ad517af', NULL, 0, 0, NULL, 1, 0);
INSERT INTO AspNetUsers (Id, UserName, NormalizedUserName, Email, NormalizedEmail, EmailConfirmed, PasswordHash, SecurityStamp, ConcurrencyStamp, PhoneNumber, PhoneNumberConfirmed, TwoFactorEnabled, LockoutEnd, LockoutEnabled, AccessFailedCount) VALUES (N'bc482b1e-1343-47c2-9ec0-f4ccbe954d95', N'test3@wp.pl', N'TEST3@WP.PL', N'test3@wp.pl', N'TEST3@WP.PL', 1, N'AQAAAAIAAYagAAAAELzFfoV++Cl66iOQ4X73ptjzEQv0+Pq6cINwh40NS1tg9TdYFLcS5q9Bga8AmC2jpQ==', N'33RFWXWFO5GER3HKBX5BWI27GH4OSEEX', N'7f8f5e22-f613-410a-bd0b-b1f08df17cff', NULL, 0, 0, NULL, 1, 0);
INSERT INTO AspNetUsers (Id, UserName, NormalizedUserName, Email, NormalizedEmail, EmailConfirmed, PasswordHash, SecurityStamp, ConcurrencyStamp, PhoneNumber, PhoneNumberConfirmed, TwoFactorEnabled, LockoutEnd, LockoutEnabled, AccessFailedCount) VALUES (N'bd1c8569-93ed-4cbe-8d2e-8e82e799fd4c', N'abc@wp.pl', N'ABC@WP.PL', N'abc@wp.pl', N'ABC@WP.PL', 1, N'AQAAAAIAAYagAAAAEA7Yi0HvD5tCTaO63kWFXRv86zePL/7KaAvOgIuwzdc+dyzb8f1pPCUR77F4Boj8xw==', N'JSHEWQMJQW6W347WSGSYFOJS62STSNBU', N'0a8e0e33-59f4-4856-abfc-3e434bd2239a', NULL, 0, 0, NULL, 1, 0);
INSERT INTO AspNetUsers (Id, UserName, NormalizedUserName, Email, NormalizedEmail, EmailConfirmed, PasswordHash, SecurityStamp, ConcurrencyStamp, PhoneNumber, PhoneNumberConfirmed, TwoFactorEnabled, LockoutEnd, LockoutEnabled, AccessFailedCount) VALUES (N'bf749d0f-4140-4c27-9d6e-f82831385030', N'd_garncarek@wp.pl', N'D_GARNCAREK@WP.PL', N'd_garncarek@wp.pl', N'D_GARNCAREK@WP.PL', 1, N'AQAAAAIAAYagAAAAECzOgfhRYUrwqXvVmOt47nSr3JcP7zdyj1DLmZdQwMqYPAETw/lekjtIrG4f7I2IVg==', N'5JTRXLOV32DG5QH6XNZO4YGQWQOLIAVP', N'0bacfcbf-d968-4af1-bd12-44a84510a224', NULL, 0, 0, NULL, 1, 0);
INSERT INTO AspNetUsers (Id, UserName, NormalizedUserName, Email, NormalizedEmail, EmailConfirmed, PasswordHash, SecurityStamp, ConcurrencyStamp, PhoneNumber, PhoneNumberConfirmed, TwoFactorEnabled, LockoutEnd, LockoutEnabled, AccessFailedCount) VALUES (N'c230298c-404a-4d4b-962d-88b3ae183e98', N'hjg@wp.pl', N'HJG@WP.PL', N'hjg@wp.pl', N'HJG@WP.PL', 1, N'AQAAAAIAAYagAAAAEHFgcSsKMEq3xpTFCl2Mm2BL7EfeWv1QCPd1drBpDxaZjuKiZDy4U1E8zOVaBWGEGg==', N'F2XLRMWQYMJNU5PWQEKW7VONSHXJF6XB', N'f73c75f3-bef1-4781-a4e0-98ec90078c04', NULL, 0, 0, NULL, 1, 0);
INSERT INTO AspNetUsers (Id, UserName, NormalizedUserName, Email, NormalizedEmail, EmailConfirmed, PasswordHash, SecurityStamp, ConcurrencyStamp, PhoneNumber, PhoneNumberConfirmed, TwoFactorEnabled, LockoutEnd, LockoutEnabled, AccessFailedCount) VALUES (N'd6a13040-8d4d-45a6-9722-5c5e399c6065', N'testpusty@wp.pl', N'TESTPUSTY@WP.PL', N'testpusty@wp.pl', N'TESTPUSTY@WP.PL', 1, N'AQAAAAIAAYagAAAAEOPE9AguUQbfKkNO7UhbnOVvYcP9grJLBEABcrx51gPqid0hndLlVnZ6VzYxDFo11A==', N'E2QYEQTVFK442RMYGZW647GODGKCGQM7', N'03e1eb79-4768-474f-9756-f5031b3cc402', NULL, 0, 0, NULL, 1, 0);
INSERT INTO AspNetUsers (Id, UserName, NormalizedUserName, Email, NormalizedEmail, EmailConfirmed, PasswordHash, SecurityStamp, ConcurrencyStamp, PhoneNumber, PhoneNumberConfirmed, TwoFactorEnabled, LockoutEnd, LockoutEnabled, AccessFailedCount) VALUES (N'dd102735-7a3d-4853-a842-0da791fc860f', N'abcd@wp.pl', N'ABCD@WP.PL', N'abcd@wp.pl', N'ABCD@WP.PL', 1, N'AQAAAAIAAYagAAAAEFkN+aGTvdpOM4StXzupEEVHSRwS20nqi90GvAHRnQlWBu3tvN627Oc/5EAfny0iHg==', N'LDSWW2UQSHWIJQFR3P6S4W57P7Y2C3DK', N'696ee972-f291-4387-a55a-cb599a821b12', NULL, 0, 0, NULL, 1, 0);
INSERT INTO AspNetUsers (Id, UserName, NormalizedUserName, Email, NormalizedEmail, EmailConfirmed, PasswordHash, SecurityStamp, ConcurrencyStamp, PhoneNumber, PhoneNumberConfirmed, TwoFactorEnabled, LockoutEnd, LockoutEnabled, AccessFailedCount) VALUES (N'e4c95ce1-b363-4bec-a336-103f774d16c3', N'utj@wp.pl', N'UTJ@WP.PL', N'utj@wp.pl', N'UTJ@WP.PL', 1, N'AQAAAAIAAYagAAAAELG2ng4z+hr5dGnsZjcnEtimL6JGAZdrCDK5GeeQp+KUf1sPlgy+KqSUpqQfLQEZEQ==', N'PMYZ4TYAZPUALHMS77F6JU3PCZWJRBFG', N'da935752-fdec-4d23-9e6a-ea9c6b47f28f', NULL, 0, 0, NULL, 1, 0);
INSERT INTO AspNetUsers (Id, UserName, NormalizedUserName, Email, NormalizedEmail, EmailConfirmed, PasswordHash, SecurityStamp, ConcurrencyStamp, PhoneNumber, PhoneNumberConfirmed, TwoFactorEnabled, LockoutEnd, LockoutEnabled, AccessFailedCount) VALUES (N'ecbfb620-40cc-4d5f-bed2-c21d0d458bf6', N'asdas@wp.pl', N'ASDAS@WP.PL', N'asdas@wp.pl', N'ASDAS@WP.PL', 0, N'AQAAAAIAAYagAAAAEGz9Xfi3nIlI7GDQYvY5lzXbRHKbkpZYQX6x3V10vZwWrK/ZW7/sHoZDMFlbWIV5yg==', N'ZG5DA2ZBSIWM5A75FI4A3TMST5BS667P', N'c998c5a1-c82d-4567-82e3-b948fb7e27fd', NULL, 0, 0, NULL, 1, 0);
INSERT INTO AspNetUsers (Id, UserName, NormalizedUserName, Email, NormalizedEmail, EmailConfirmed, PasswordHash, SecurityStamp, ConcurrencyStamp, PhoneNumber, PhoneNumberConfirmed, TwoFactorEnabled, LockoutEnd, LockoutEnabled, AccessFailedCount) VALUES (N'f009e0e4-8fd8-4ae8-9011-f09bb9cf5fbe', N'asddd@wp.pl', N'ASDDD@WP.PL', N'asddd@wp.pl', N'ASDDD@WP.PL', 1, N'AQAAAAIAAYagAAAAEA9fhv40meLsktFaRXN8bWcz6Egh7ZuIBAl2clr120peMOdRq2WrqlJnKg9TjiM0WA==', N'P6CUM2SFGXGCDZXPSGUGTUDAD6OS3V2H', N'5d110623-4f47-4a10-b402-eaeee905235f', NULL, 0, 0, NULL, 1, 0);

INSERT INTO BmiResult (Id, CalculationDate, ResultBMI, UserName) VALUES (2, TO_TIMESTAMP('2024-02-28T13:48:47.070', 'YYYY-MM-DD"T"HH24:MI:SS.FF3'), CAST(21.200 AS Decimal(10, 3)), N'test@wp.pl');
INSERT INTO BmiResult (Id, CalculationDate, ResultBMI, UserName) VALUES (56, TO_TIMESTAMP('2024-03-01T17:55:40.387', 'YYYY-MM-DD"T"HH24:MI:SS.FF3'), CAST(24.380 AS Decimal(10, 3)), N'test@wp.pl');
INSERT INTO BmiResult (Id, CalculationDate, ResultBMI, UserName) VALUES (59, TO_TIMESTAMP('2024-03-03T13:45:53.813', 'YYYY-MM-DD"T"HH24:MI:SS.FF3'), CAST(28.000 AS Decimal(10, 3)), N'test@wp.pl');
INSERT INTO BmiResult (Id, CalculationDate, ResultBMI, UserName) VALUES (61, TO_TIMESTAMP('2024-03-05T13:45:53.813', 'YYYY-MM-DD"T"HH24:MI:SS.FF3'), CAST(32.000 AS Decimal(10, 3)), N'test@wp.pl');
INSERT INTO BmiResult (Id, CalculationDate, ResultBMI, UserName) VALUES (62, TO_TIMESTAMP('2024-03-06T13:45:53.813', 'YYYY-MM-DD"T"HH24:MI:SS.FF3'), CAST(19.000 AS Decimal(10, 3)), N'test@wp.pl');
INSERT INTO BmiResult (Id, CalculationDate, ResultBMI, UserName) VALUES (63, TO_TIMESTAMP('2024-03-07T13:45:53.813', 'YYYY-MM-DD"T"HH24:MI:SS.FF3'), CAST(15.000 AS Decimal(10, 3)), N'test@wp.pl');
INSERT INTO BmiResult (Id, CalculationDate, ResultBMI, UserName) VALUES (64, TO_TIMESTAMP('2024-03-08T13:45:53.813', 'YYYY-MM-DD"T"HH24:MI:SS.FF3'), CAST(1.000 AS Decimal(10, 3)), N'test@wp.pl');
INSERT INTO BmiResult (Id, CalculationDate, ResultBMI, UserName) VALUES (65, TO_TIMESTAMP('2024-03-09T13:45:53.813', 'YYYY-MM-DD"T"HH24:MI:SS.FF3'), CAST(32.000 AS Decimal(10, 3)), N'test@wp.pl');
INSERT INTO BmiResult (Id, CalculationDate, ResultBMI, UserName) VALUES (66, TO_TIMESTAMP('2024-03-10T13:45:53.813', 'YYYY-MM-DD"T"HH24:MI:SS.FF3'), CAST(25.000 AS Decimal(10, 3)), N'test@wp.pl');
INSERT INTO BmiResult (Id, CalculationDate, ResultBMI, UserName) VALUES (77, TO_TIMESTAMP('2024-03-10T23:52:04.653', 'YYYY-MM-DD"T"HH24:MI:SS.FF3'), CAST(23.000 AS Decimal(10, 3)), N'test123@wp.pl');
INSERT INTO BmiResult (Id, CalculationDate, ResultBMI, UserName) VALUES (79, TO_TIMESTAMP('2024-03-11T10:25:53.410', 'YYYY-MM-DD"T"HH24:MI:SS.FF3'), CAST(22.000 AS Decimal(10, 3)), N'test123@wp.pl');
INSERT INTO BmiResult (Id, CalculationDate, ResultBMI, UserName) VALUES (80, TO_TIMESTAMP('2024-03-11T22:37:27.113', 'YYYY-MM-DD"T"HH24:MI:SS.FF3'), CAST(50.000 AS Decimal(10, 3)), N'test@wp.pl');
INSERT INTO BmiResult (Id, CalculationDate, ResultBMI, UserName) VALUES (82, TO_TIMESTAMP('2024-04-03T22:45:38.267', 'YYYY-MM-DD"T"HH24:MI:SS.FF3'), CAST(25.000 AS Decimal(10, 3)), N'untus1@wp.pl');
INSERT INTO BmiResult (Id, CalculationDate, ResultBMI, UserName) VALUES (83, TO_TIMESTAMP('2024-04-04T11:21:56.493', 'YYYY-MM-DD"T"HH24:MI:SS.FF3'), CAST(35.000 AS Decimal(10, 3)), N'test@wp.pl');
INSERT INTO BmiResult (Id, CalculationDate, ResultBMI, UserName) VALUES (86, TO_TIMESTAMP('2024-04-05T10:06:56.353', 'YYYY-MM-DD"T"HH24:MI:SS.FF3'), CAST(37.000 AS Decimal(10, 3)), N'test@wp.pl');
INSERT INTO BmiResult (Id, CalculationDate, ResultBMI, UserName) VALUES (1086, TO_TIMESTAMP('2024-04-10T16:26:58.277', 'YYYY-MM-DD"T"HH24:MI:SS.FF3'), CAST(26.000 AS Decimal(10, 3)), N'untus1@wp.pl');
INSERT INTO BmiResult (Id, CalculationDate, ResultBMI, UserName) VALUES (2094, TO_TIMESTAMP('2024-04-28T16:26:58.277', 'YYYY-MM-DD"T"HH24:MI:SS.FF3'), CAST(25.500 AS Decimal(10, 3)), N'test@wp.pl');
INSERT INTO BmiResult (Id, CalculationDate, ResultBMI, UserName) VALUES (2095, TO_TIMESTAMP('2024-04-29T16:26:58.277', 'YYYY-MM-DD"T"HH24:MI:SS.FF3'), CAST(25.100 AS Decimal(10, 3)), N'test@wp.pl');
INSERT INTO BmiResult (Id, CalculationDate, ResultBMI, UserName) VALUES (2096, TO_TIMESTAMP('2024-04-30T16:26:58.277', 'YYYY-MM-DD"T"HH24:MI:SS.FF3'), CAST(24.900 AS Decimal(10, 3)), N'test@wp.pl');
INSERT INTO BmiResult (Id, CalculationDate, ResultBMI, UserName) VALUES (2097, TO_TIMESTAMP('2024-05-01T16:26:58.277', 'YYYY-MM-DD"T"HH24:MI:SS.FF3'), CAST(24.000 AS Decimal(10, 3)), N'test@wp.pl');
INSERT INTO BmiResult (Id, CalculationDate, ResultBMI, UserName) VALUES (2098, TO_TIMESTAMP('2024-05-02T16:26:58.277', 'YYYY-MM-DD"T"HH24:MI:SS.FF3'), CAST(25.000 AS Decimal(10, 3)), N'test@wp.pl');
INSERT INTO BmiResult (Id, CalculationDate, ResultBMI, UserName) VALUES (2099, TO_TIMESTAMP('2024-05-03T16:26:58.277', 'YYYY-MM-DD"T"HH24:MI:SS.FF3'), CAST(25.900 AS Decimal(10, 3)), N'test@wp.pl');
INSERT INTO BmiResult (Id, CalculationDate, ResultBMI, UserName) VALUES (2100, TO_TIMESTAMP('2024-05-04T16:26:58.277', 'YYYY-MM-DD"T"HH24:MI:SS.FF3'), CAST(26.900 AS Decimal(10, 3)), N'test@wp.pl');
INSERT INTO BmiResult (Id, CalculationDate, ResultBMI, UserName) VALUES (2101, TO_TIMESTAMP('2024-05-05T16:26:58.277', 'YYYY-MM-DD"T"HH24:MI:SS.FF3'), CAST(24.900 AS Decimal(10, 3)), N'test@wp.pl');
INSERT INTO BmiResult (Id, CalculationDate, ResultBMI, UserName) VALUES (2102, TO_TIMESTAMP('2024-05-06T16:26:58.277', 'YYYY-MM-DD"T"HH24:MI:SS.FF3'), CAST(25.500 AS Decimal(10, 3)), N'test@wp.pl');
INSERT INTO BmiResult (Id, CalculationDate, ResultBMI, UserName) VALUES (2103, TO_TIMESTAMP('2024-05-07T16:26:58.277', 'YYYY-MM-DD"T"HH24:MI:SS.FF3'), CAST(25.100 AS Decimal(10, 3)), N'test@wp.pl');
INSERT INTO BmiResult (Id, CalculationDate, ResultBMI, UserName) VALUES (2104, TO_TIMESTAMP('2024-05-08T16:26:58.277', 'YYYY-MM-DD"T"HH24:MI:SS.FF3'), CAST(24.800 AS Decimal(10, 3)), N'test@wp.pl');


INSERT INTO ContactMessage (Id, MessageDate, MessageName, Email, Topic, Message) VALUES (1, TO_TIMESTAMP('2024-03-19T11:56:49.030', 'YYYY-MM-DD"T"HH24:MI:SS.FF3'), N'Dawid', N'd_garncarek@wp.pl', N'Dieta', N'mam proœbe');
INSERT INTO ContactMessage (Id, MessageDate, MessageName, Email, Topic, Message) VALUES (2, TO_TIMESTAMP('2024-03-19T12:03:12.060', 'YYYY-MM-DD"T"HH24:MI:SS.FF3'), N'asdasd', N'sadas', N'asdasd', N'adsasd');
INSERT INTO ContactMessage (Id, MessageDate, MessageName, Email, Topic, Message) VALUES (3, TO_TIMESTAMP('2024-04-07T12:23:21.077', 'YYYY-MM-DD"T"HH24:MI:SS.FF3'), N'Dawid', N'untus1@wp.pl', N'Dzia³anie bazy', N'Dzia³a?');

INSERT INTO Exercises (Id, ExerciseName, ExerciseDescription, IntensityLevel, DurationMinutes, ExerciseLocation, Goals, DifficultyLevel) VALUES (1, N'Burpees', N'Rozpocznij w pozycji stoj¹cej, nastêpnie przeskocz do pozycji przysiadu z rêkoma na ziemi. Wyskocz do ty³u w pozycjê plank, wykonaj pompkê, wróæ do przysiadu i skocz w górê z uniesieniem r¹k.', N'Wysoka', 1, N'Pomieszczenie', N'Utrata wagi', N'Zaawansowany');
INSERT INTO Exercises (Id, ExerciseName, ExerciseDescription, IntensityLevel, DurationMinutes, ExerciseLocation, Goals, DifficultyLevel) VALUES (2, N'Plank', N'Po³ó¿ siê p³asko na brzuchu, opieraj¹c cia³o na przedramionach i palcach stóp. Utrzymaj cia³o w prostej linii od g³owy do piêt, brzuch wci¹gniêty. Staraj siê utrzymaæ tê pozycjê przez okreœlony czas.', N'Œrednia', 2, N'Pomieszczenie', N'Poprawa kondycji', N'Niski');
INSERT INTO Exercises (Id, ExerciseName, ExerciseDescription, IntensityLevel, DurationMinutes, ExerciseLocation, Goals, DifficultyLevel) VALUES (3, N'Skakanka', N'Stañ prosto, trzymaj¹c uchwyty skakanki w obu rêkach. Obroty skakanki wykonuj ruchami nadgarstków. Skacz, staraj¹c siê unosiæ tylko lekko nad ziemiê, l¹duj¹c na przednich czêœciach stóp.', N'Wysoka', 3, N'Pomieszczenie', N'Utrata wagi', N'Œredni');
INSERT INTO Exercises (Id, ExerciseName, ExerciseDescription, IntensityLevel, DurationMinutes, ExerciseLocation, Goals, DifficultyLevel) VALUES (4, N'Skakanka', N'Stañ prosto, trzymaj¹c uchwyty skakanki w obu rêkach. Obroty skakanki wykonuj ruchami nadgarstków. Skacz, staraj¹c siê unosiæ tylko lekko nad ziemiê, l¹duj¹c na przednich czêœciach stóp.', N'Wysoka', 3, N'Pomieszczenie', N'Utrata wagi', N'Niski');
INSERT INTO Exercises (Id, ExerciseName, ExerciseDescription, IntensityLevel, DurationMinutes, ExerciseLocation, Goals, DifficultyLevel) VALUES (5, N'Skakanka', N'Stañ prosto, trzymaj¹c uchwyty skakanki w obu rêkach. Obroty skakanki wykonuj ruchami nadgarstków. Skacz, staraj¹c siê unosiæ tylko lekko nad ziemiê, l¹duj¹c na przednich czêœciach stóp.', N'Wysoka', 3, N'Dwór', N'Utrata wagi', N'Œredni');
INSERT INTO Exercises (Id, ExerciseName, ExerciseDescription, IntensityLevel, DurationMinutes, ExerciseLocation, Goals, DifficultyLevel) VALUES (6, N'Skakanka', N'Stañ prosto, trzymaj¹c uchwyty skakanki w obu rêkach. Obroty skakanki wykonuj ruchami nadgarstków. Skacz, staraj¹c siê unosiæ tylko lekko nad ziemiê, l¹duj¹c na przednich czêœciach stóp.', N'Wysoka', 3, N'Dwór', N'Utrata wagi', N'Niski');
INSERT INTO Exercises (Id, ExerciseName, ExerciseDescription, IntensityLevel, DurationMinutes, ExerciseLocation, Goals, DifficultyLevel) VALUES (7, N'Przysiady', N'Stañ prosto z nogami rozstawionymi na szerokoœæ bioder. Zginaj kolana, obni¿aj¹c cia³o jakbyœ chcia³ usi¹œæ na krzeœle, a¿ uda bêd¹ równoleg³e do pod³ogi. Wróæ do pozycji wyjœciowej.', N'Œrednia', 1, N'Pomieszczenie', N'Poprawa kondycji', N'Niski');
INSERT INTO Exercises (Id, ExerciseName, ExerciseDescription, IntensityLevel, DurationMinutes, ExerciseLocation, Goals, DifficultyLevel) VALUES (8, N'Przysiady', N'Stañ prosto z nogami rozstawionymi na szerokoœæ bioder. Zginaj kolana, obni¿aj¹c cia³o jakbyœ chcia³ usi¹œæ na krzeœle, a¿ uda bêd¹ równoleg³e do pod³ogi. Wróæ do pozycji wyjœciowej.', N'Œrednia', 1, N'Pomieszczenie', N'Utrata wagi', N'Niski');
INSERT INTO Exercises (Id, ExerciseName, ExerciseDescription, IntensityLevel, DurationMinutes, ExerciseLocation, Goals, DifficultyLevel) VALUES (9, N'Joga', N'Rozpocznij od pozycji góry z rêkoma wzniesionymi nad g³owê. Wykonuj sekwencje pozycji, takich jak pies z g³ow¹ w dó³, wojownik, lub pozycja dziecka, skupiaj¹c siê na p³ynnych przejœciach i oddechu.', N'Niska', 60, N'Pomieszczenie', N'Poprawa samopoczucia', N'Niski');
INSERT INTO Exercises (Id, ExerciseName, ExerciseDescription, IntensityLevel, DurationMinutes, ExerciseLocation, Goals, DifficultyLevel) VALUES (10, N'Joga', N'Rozpocznij od pozycji góry z rêkoma wzniesionymi nad g³owê. Wykonuj sekwencje pozycji, takich jak pies z g³ow¹ w dó³, wojownik, lub pozycja dziecka, skupiaj¹c siê na p³ynnych przejœciach i oddechu.', N'Niska', 60, N'Dwór', N'Poprawa samopoczucia', N'Niski');
INSERT INTO Exercises (Id, ExerciseName, ExerciseDescription, IntensityLevel, DurationMinutes, ExerciseLocation, Goals, DifficultyLevel) VALUES (11, N'Jazda na rowerze stacjonarnym', N'Si¹dŸ na rowerze stacjonarnym i ustaw opór tak, aby symulowa³ jazdê na zewn¹trz. Peda³uj w równym tempie, utrzymuj¹c stabiln¹ postawê.', N'Œrednia', 30, N'Pomieszczenie', N'Utrata wagi', N'Œredni');
INSERT INTO Exercises (Id, ExerciseName, ExerciseDescription, IntensityLevel, DurationMinutes, ExerciseLocation, Goals, DifficultyLevel) VALUES (12, N'Jazda na rowerze stacjonarnym', N'Si¹dŸ na rowerze stacjonarnym i ustaw opór tak, aby symulowa³ jazdê na zewn¹trz. Peda³uj w równym tempie, utrzymuj¹c stabiln¹ postawê.', N'Œrednia', 30, N'Pomieszczenie', N'Poprawa kondycji', N'Œredni');
INSERT INTO Exercises (Id, ExerciseName, ExerciseDescription, IntensityLevel, DurationMinutes, ExerciseLocation, Goals, DifficultyLevel) VALUES (13, N'Jazda na rowerze', N'Wybierz trasê z ró¿norodnym terenem, aby zwiêkszyæ intensywnoœæ treningu. Skup siê na utrzymaniu sta³ego tempa i korzystaj z przerzutek, aby dostosowaæ opór.', N'Wysoka', 60, N'Dwór', N'Poprawa kondycji', N'Œredni');
INSERT INTO Exercises (Id, ExerciseName, ExerciseDescription, IntensityLevel, DurationMinutes, ExerciseLocation, Goals, DifficultyLevel) VALUES (14, N'Jazda na rowerze', N'Wybierz trasê z ró¿norodnym terenem, aby zwiêkszyæ intensywnoœæ treningu. Skup siê na utrzymaniu sta³ego tempa i korzystaj z przerzutek, aby dostosowaæ opór.', N'Wysoka', 60, N'Dwór', N'Utrata wagi', N'Œredni');
INSERT INTO Exercises (Id, ExerciseName, ExerciseDescription, IntensityLevel, DurationMinutes, ExerciseLocation, Goals, DifficultyLevel) VALUES (15, N'Jazda na rowerze', N'Wybierz trasê z ró¿norodnym terenem, aby zwiêkszyæ intensywnoœæ treningu. Skup siê na utrzymaniu sta³ego tempa i korzystaj z przerzutek, aby dostosowaæ opór.', N'Wysoka', 60, N'Dwór', N'Utrata wagi', N'Niski');
INSERT INTO Exercises (Id, ExerciseName, ExerciseDescription, IntensityLevel, DurationMinutes, ExerciseLocation, Goals, DifficultyLevel) VALUES (16, N'Jazda na rowerze', N'Wybierz trasê z ró¿norodnym terenem, aby zwiêkszyæ intensywnoœæ treningu. Skup siê na utrzymaniu sta³ego tempa i korzystaj z przerzutek, aby dostosowaæ opór.', N'Wysoka', 60, N'Dwór', N'Poprawa kondycji', N'Niski');
INSERT INTO Exercises (Id, ExerciseName, ExerciseDescription, IntensityLevel, DurationMinutes, ExerciseLocation, Goals, DifficultyLevel) VALUES (17, N'Jazda na rowerze', N'Wybierz trasê z ró¿norodnym terenem, aby zwiêkszyæ intensywnoœæ treningu. Skup siê na utrzymaniu sta³ego tempa i korzystaj z przerzutek, aby dostosowaæ opór.', N'Wysoka', 60, N'Dwór', N'Utrata wagi', N'Wysoki');
INSERT INTO Exercises (Id, ExerciseName, ExerciseDescription, IntensityLevel, DurationMinutes, ExerciseLocation, Goals, DifficultyLevel) VALUES (18, N'Jazda na rowerze', N'Wybierz trasê z ró¿norodnym terenem, aby zwiêkszyæ intensywnoœæ treningu. Skup siê na utrzymaniu sta³ego tempa i korzystaj z przerzutek, aby dostosowaæ opór.', N'Wysoka', 60, N'Dwór', N'Poprawa kondycji', N'Wysoki');
INSERT INTO Exercises (Id, ExerciseName, ExerciseDescription, IntensityLevel, DurationMinutes, ExerciseLocation, Goals, DifficultyLevel) VALUES (19, N'Mountain climbers', N'Zacznij w pozycji plank na rêkach. Przyci¹gaj na przemian kolana do klatki piersiowej, jakbyœ wbiega³ na górê. Utrzymaj szybkie tempo i stabiln¹ pozycjê.', N'Wysoka', 1, N'Pomieszczenie', N'Utrata wagi', N'Œredni');
INSERT INTO Exercises (Id, ExerciseName, ExerciseDescription, IntensityLevel, DurationMinutes, ExerciseLocation, Goals, DifficultyLevel) VALUES (20, N'Wyskoki z przysiadu', N'Wykonaj g³êboki przysiad, a nastêpnie dynamicznie wyskocz w górê, maksymalnie wyci¹gaj¹c cia³o. Wyl¹duj miêkko i od razu przejdŸ do kolejnego przysiadu.', N'Wysoka', 1, N'Pomieszczenie', N'Poprawa kondycji', N'Œredni');
INSERT INTO Exercises (Id, ExerciseName, ExerciseDescription, IntensityLevel, DurationMinutes, ExerciseLocation, Goals, DifficultyLevel) VALUES (21, N'Wyskoki z przysiadu', N'Wykonaj g³êboki przysiad, a nastêpnie dynamicznie wyskocz w górê, maksymalnie wyci¹gaj¹c cia³o. Wyl¹duj miêkko i od razu przejdŸ do kolejnego przysiadu.', N'Wysoka', 1, N'Pomieszczenie', N'Utrata wagi', N'Œredni');
INSERT INTO Exercises (Id, ExerciseName, ExerciseDescription, IntensityLevel, DurationMinutes, ExerciseLocation, Goals, DifficultyLevel) VALUES (22, N'Podci¹ganie na dr¹¿ku', N'Chwyæ dr¹¿ek szerokim uchwytem d³oñmi skierowanymi od siebie. Poci¹gnij siê do góry, a¿ broda znajdzie siê powy¿ej dr¹¿ka, nastêpnie powoli opuœæ cia³o do pozycji wyjœciowej.', N'Wysoka', 5, N'Pomieszczenie', N'Poprawa kondycji', N'Zaawansowany');
INSERT INTO Exercises (Id, ExerciseName, ExerciseDescription, IntensityLevel, DurationMinutes, ExerciseLocation, Goals, DifficultyLevel) VALUES (23, N'Podci¹ganie na dr¹¿ku', N'Chwyæ dr¹¿ek szerokim uchwytem d³oñmi skierowanymi od siebie. Poci¹gnij siê do góry, a¿ broda znajdzie siê powy¿ej dr¹¿ka, nastêpnie powoli opuœæ cia³o do pozycji wyjœciowej.', N'Wysoka', 5, N'Dwór', N'Poprawa kondycji', N'Zaawansowany');
INSERT INTO Exercises (Id, ExerciseName, ExerciseDescription, IntensityLevel, DurationMinutes, ExerciseLocation, Goals, DifficultyLevel) VALUES (24, N'Pompki na pi³ce', N'Umieœæ rêce na pi³ce gimnastycznej, rozstawione na szerokoœæ barków. Wykonaj pompkê, utrzymuj¹c równowagê. To æwiczenie wzmacnia miêœnie rdzenia i górnej czêœci cia³a.', N'Œrednia', 2, N'Pomieszczenie', N'Poprawa kondycji', N'Œredni');
INSERT INTO Exercises (Id, ExerciseName, ExerciseDescription, IntensityLevel, DurationMinutes, ExerciseLocation, Goals, DifficultyLevel) VALUES (25, N'Joga - Pozycja wojownika', N'Stañ w szerokim rozkroku, jedna noga z przodu, druga z ty³u, obie nogi proste. Wykonaj g³êboki wdech i podczas wydechu zegnij przedni¹ nogê w kolanie, unosz¹c rêce do góry.', N'Niska', 5, N'Pomieszczenie', N'Poprawa samopoczucia', N'Niski');
INSERT INTO Exercises (Id, ExerciseName, ExerciseDescription, IntensityLevel, DurationMinutes, ExerciseLocation, Goals, DifficultyLevel) VALUES (26, N'Joga - Pozycja wojownika', N'Stañ w szerokim rozkroku, jedna noga z przodu, druga z ty³u, obie nogi proste. Wykonaj g³êboki wdech i podczas wydechu zegnij przedni¹ nogê w kolanie, unosz¹c rêce do góry.', N'Niska', 5, N'Dwór', N'Poprawa samopoczucia', N'Niski');
INSERT INTO Exercises (Id, ExerciseName, ExerciseDescription, IntensityLevel, DurationMinutes, ExerciseLocation, Goals, DifficultyLevel) VALUES (27, N'P³ywanie', N'Wybierz styl p³ywacki, który preferujesz (np. kraul, ¿abka) i skup siê na technice oraz p³ynnoœci ruchów. P³ywaj odcinki z przerwami lub ci¹g³ym tempem przez okreœlony czas.', N'Wysoka', 30, N'Pomieszczenie', N'Poprawa kondycji', N'Œredni');
INSERT INTO Exercises (Id, ExerciseName, ExerciseDescription, IntensityLevel, DurationMinutes, ExerciseLocation, Goals, DifficultyLevel) VALUES (28, N'P³ywanie', N'Wybierz styl p³ywacki, który preferujesz (np. kraul, ¿abka) i skup siê na technice oraz p³ynnoœci ruchów. P³ywaj odcinki z przerwami lub ci¹g³ym tempem przez okreœlony czas.', N'Wysoka', 30, N'Pomieszczenie', N'Utrata wagi', N'Œredni');
INSERT INTO Exercises (Id, ExerciseName, ExerciseDescription, IntensityLevel, DurationMinutes, ExerciseLocation, Goals, DifficultyLevel) VALUES (29, N'P³ywanie', N'Wybierz styl p³ywacki, który preferujesz (np. kraul, ¿abka) i skup siê na technice oraz p³ynnoœci ruchów. P³ywaj odcinki z przerwami lub ci¹g³ym tempem przez okreœlony czas.', N'Wysoka', 45, N'Pomieszczenie', N'Poprawa kondycji', N'Œredni');
INSERT INTO Exercises (Id, ExerciseName, ExerciseDescription, IntensityLevel, DurationMinutes, ExerciseLocation, Goals, DifficultyLevel) VALUES (30, N'P³ywanie', N'Wybierz styl p³ywacki, który preferujesz (np. kraul, ¿abka) i skup siê na technice oraz p³ynnoœci ruchów. P³ywaj odcinki z przerwami lub ci¹g³ym tempem przez okreœlony czas.', N'Wysoka', 45, N'Pomieszczenie', N'Utrata wagi', N'Œredni');
INSERT INTO Exercises (Id, ExerciseName, ExerciseDescription, IntensityLevel, DurationMinutes, ExerciseLocation, Goals, DifficultyLevel) VALUES (31, N'P³ywanie', N'Wybierz styl p³ywacki, który preferujesz (np. kraul, delfin, na plechac) i skup siê na technice oraz p³ynnoœci ruchów. P³ywaj odcinki z przerwami lub ci¹g³ym tempem przez okreœlony czas.', N'Wysoka', 45, N'Pomieszczenie', N'Poprawa kondycji', N'Zaawansowany');
INSERT INTO Exercises (Id, ExerciseName, ExerciseDescription, IntensityLevel, DurationMinutes, ExerciseLocation, Goals, DifficultyLevel) VALUES (32, N'P³ywanie', N'Wybierz styl p³ywacki, który preferujesz (np. kraul, delfin, na plechac) i skup siê na technice oraz p³ynnoœci ruchów. P³ywaj odcinki z przerwami lub ci¹g³ym tempem przez okreœlony czas.', N'Wysoka', 45, N'Pomieszczenie', N'Utrata wagi', N'Zaawansowany');
INSERT INTO Exercises (Id, ExerciseName, ExerciseDescription, IntensityLevel, DurationMinutes, ExerciseLocation, Goals, DifficultyLevel) VALUES (33, N'Tai chi', N'Praktykuj seriê p³ynnych, kontrolowanych ruchów, które koncentruj¹ siê na oddechu i œwiadomoœci cia³a. Tai chi pomaga w relaksacji i poprawie równowagi.', N'Niska', 45, N'Pomieszczenie', N'Poprawa samopoczucia', N'Niski');
INSERT INTO Exercises (Id, ExerciseName, ExerciseDescription, IntensityLevel, DurationMinutes, ExerciseLocation, Goals, DifficultyLevel) VALUES (34, N'Tai chi', N'Praktykuj seriê p³ynnych, kontrolowanych ruchów, które koncentruj¹ siê na oddechu i œwiadomoœci cia³a. Tai chi pomaga w relaksacji i poprawie równowagi.', N'Niska', 45, N'Pomieszczenie', N'Dwór', N'Niski');
INSERT INTO Exercises (Id, ExerciseName, ExerciseDescription, IntensityLevel, DurationMinutes, ExerciseLocation, Goals, DifficultyLevel) VALUES (35, N'Sk³ony boczne z ciê¿arami', N'Stañ prosto, trzymaj¹c hantle w d³oniach wzd³u¿ cia³a (lub jakieœ odwa¿niki). Sk³on siê w bok, opuszczaj¹c jedn¹ hantlê wzd³u¿ nogi, a drug¹ unosz¹c lekko do góry. Wróæ do pozycji wyjœciowej i powtórz na drug¹ stronê.', N'Œrednia', 2, N'Pomieszczenie', N'Poprawa kondycji', N'Niski');
INSERT INTO Exercises (Id, ExerciseName, ExerciseDescription, IntensityLevel, DurationMinutes, ExerciseLocation, Goals, DifficultyLevel) VALUES (36, N'Sk³ony boczne z ciê¿arami', N'Stañ prosto, trzymaj¹c hantle w d³oniach wzd³u¿ cia³a (lub jakieœ odwa¿niki). Sk³on siê w bok, opuszczaj¹c jedn¹ hantlê wzd³u¿ nogi, a drug¹ unosz¹c lekko do góry. Wróæ do pozycji wyjœciowej i powtórz na drug¹ stronê.', N'Œrednia', 2, N'Pomieszczenie', N'Utrata wagi', N'Niski');
INSERT INTO Exercises (Id, ExerciseName, ExerciseDescription, IntensityLevel, DurationMinutes, ExerciseLocation, Goals, DifficultyLevel) VALUES (37, N'Russian Twists', N'Usi¹dŸ na pod³odze z nogami uniesionymi lekko nad ziemi¹. Trzymaj rêce przed sob¹ i obracaj tu³ów z lewa na prawo, dotykaj¹c d³oñmi pod³ogi po ka¿dej stronie.', N'Wysoka', 1, N'Pomieszczenie', N'Poprawa kondycji', N'Œredni');
INSERT INTO Exercises (Id, ExerciseName, ExerciseDescription, IntensityLevel, DurationMinutes, ExerciseLocation, Goals, DifficultyLevel) VALUES (38, N'Russian Twists', N'Usi¹dŸ na pod³odze z nogami uniesionymi lekko nad ziemi¹. Trzymaj rêce przed sob¹ i obracaj tu³ów z lewa na prawo, dotykaj¹c d³oñmi pod³ogi po ka¿dej stronie.', N'Wysoka', 1, N'Pomieszczenie', N'Utrata wagi', N'Œredni');
INSERT INTO Exercises (Id, ExerciseName, ExerciseDescription, IntensityLevel, DurationMinutes, ExerciseLocation, Goals, DifficultyLevel) VALUES (39, N'Russian Twists', N'Usi¹dŸ na pod³odze z nogami uniesionymi lekko nad ziemi¹. Trzymaj rêce przed sob¹ i obracaj tu³ów z lewa na prawo, dotykaj¹c d³oñmi pod³ogi po ka¿dej stronie.', N'Wysoka', 1, N'Dwór', N'Poprawa kondycji', N'Œredni');
INSERT INTO Exercises (Id, ExerciseName, ExerciseDescription, IntensityLevel, DurationMinutes, ExerciseLocation, Goals, DifficultyLevel) VALUES (40, N'Russian Twists', N'Usi¹dŸ na pod³odze z nogami uniesionymi lekko nad ziemi¹. Trzymaj rêce przed sob¹ i obracaj tu³ów z lewa na prawo, dotykaj¹c d³oñmi pod³ogi po ka¿dej stronie.', N'Wysoka', 1, N'Dwór', N'Utrata wagi', N'Œredni');
INSERT INTO Exercises (Id, ExerciseName, ExerciseDescription, IntensityLevel, DurationMinutes, ExerciseLocation, Goals, DifficultyLevel) VALUES (41, N'Podskoki na skrzyniê', N'Stañ przed nisk¹ skrzyni¹ lub stopniem. Wykonaj dynamiczny skok obunó¿ na skrzyniê, a nastêpnie zeskocz z powrotem na ziemiê.', N'Wysoka', 1, N'Pomieszczenie', N'Poprawa kondycji', N'Œredni');
INSERT INTO Exercises (Id, ExerciseName, ExerciseDescription, IntensityLevel, DurationMinutes, ExerciseLocation, Goals, DifficultyLevel) VALUES (42, N'Podskoki na skrzyniê', N'Stañ przed nisk¹ skrzyni¹ lub stopniem. Wykonaj dynamiczny skok obunó¿ na skrzyniê, a nastêpnie zeskocz z powrotem na ziemiê.', N'Wysoka', 1, N'Pomieszczenie', N'Utrata wagi', N'Œredni');
INSERT INTO Exercises (Id, ExerciseName, ExerciseDescription, IntensityLevel, DurationMinutes, ExerciseLocation, Goals, DifficultyLevel) VALUES (43, N'Podskoki na skrzyniê', N'Stañ przed nisk¹ skrzyni¹ lub stopniem. Wykonaj dynamiczny skok obunó¿ na skrzyniê, a nastêpnie zeskocz z powrotem na ziemiê.', N'Wysoka', 1, N'Dwór', N'Poprawa kondycji', N'Œredni');
INSERT INTO Exercises (Id, ExerciseName, ExerciseDescription, IntensityLevel, DurationMinutes, ExerciseLocation, Goals, DifficultyLevel) VALUES (44, N'Podskoki na skrzyniê', N'Stañ przed nisk¹ skrzyni¹ lub stopniem. Wykonaj dynamiczny skok obunó¿ na skrzyniê, a nastêpnie zeskocz z powrotem na ziemiê.', N'Wysoka', 1, N'Dwór', N'Utrata wagi', N'Œredni');
INSERT INTO Exercises (Id, ExerciseName, ExerciseDescription, IntensityLevel, DurationMinutes, ExerciseLocation, Goals, DifficultyLevel) VALUES (45, N'Lunge jumps', N'Zacznij w pozycji wykroku. Skocz i zamieñ nogi w powietrzu, l¹duj¹c w wykroku z przeciwn¹ nog¹ z przodu.', N'Wysoka', 1, N'Dowolne', N'Poprawa kondycji', N'Zaawansowany');
INSERT INTO Exercises (Id, ExerciseName, ExerciseDescription, IntensityLevel, DurationMinutes, ExerciseLocation, Goals, DifficultyLevel) VALUES (46, N'Lunge jumps', N'Zacznij w pozycji wykroku. Skocz i zamieñ nogi w powietrzu, l¹duj¹c w wykroku z przeciwn¹ nog¹ z przodu.', N'Wysoka', 1, N'Dowolne', N'Utrata wagi', N'Zaawansowany');
INSERT INTO Exercises (Id, ExerciseName, ExerciseDescription, IntensityLevel, DurationMinutes, ExerciseLocation, Goals, DifficultyLevel) VALUES (47, N'Bieganie interwa³owe', N'Na bie¿ni lub na zewn¹trz wykonuj sprinty na krótkich dystansach z okresami odpoczynku pomiêdzy nimi.', N'Wysoka', 20, N'Pomieszczenie', N'Utrata wagi', N'Œredni');
INSERT INTO Exercises (Id, ExerciseName, ExerciseDescription, IntensityLevel, DurationMinutes, ExerciseLocation, Goals, DifficultyLevel) VALUES (48, N'Bieganie interwa³owe', N'Na bie¿ni lub na zewn¹trz wykonuj sprinty na krótkich dystansach z okresami odpoczynku pomiêdzy nimi.', N'Wysoka', 20, N'Pomieszczenie', N'Poprawa kondycji', N'Œredni');
INSERT INTO Exercises (Id, ExerciseName, ExerciseDescription, IntensityLevel, DurationMinutes, ExerciseLocation, Goals, DifficultyLevel) VALUES (49, N'Bieganie interwa³owe', N'Na bie¿ni lub na zewn¹trz wykonuj sprinty na krótkich dystansach z okresami odpoczynku pomiêdzy nimi.', N'Wysoka', 20, N'Dwór', N'Utrata wagi', N'Œredni');
INSERT INTO Exercises (Id, ExerciseName, ExerciseDescription, IntensityLevel, DurationMinutes, ExerciseLocation, Goals, DifficultyLevel) VALUES (50, N'Bieganie interwa³owe', N'Na bie¿ni lub na zewn¹trz wykonuj sprinty na krótkich dystansach z okresami odpoczynku pomiêdzy nimi.', N'Wysoka', 20, N'Dwór', N'Poprawa kondycji', N'Œredni');
INSERT INTO Exercises (Id, ExerciseName, ExerciseDescription, IntensityLevel, DurationMinutes, ExerciseLocation, Goals, DifficultyLevel) VALUES (51, N'Bieganie interwa³owe', N'Na bie¿ni lub na zewn¹trz wykonuj sprinty na krótkich dystansach z okresami odpoczynku pomiêdzy nimi.', N'Wysoka', 20, N'Pomieszczenie', N'Utrata wagi', N'Zaawansowany');
INSERT INTO Exercises (Id, ExerciseName, ExerciseDescription, IntensityLevel, DurationMinutes, ExerciseLocation, Goals, DifficultyLevel) VALUES (52, N'Bieganie interwa³owe', N'Na bie¿ni lub na zewn¹trz wykonuj sprinty na krótkich dystansach z okresami odpoczynku pomiêdzy nimi.', N'Wysoka', 20, N'Pomieszczenie', N'Poprawa kondycji', N'Zaawansowany');
INSERT INTO Exercises (Id, ExerciseName, ExerciseDescription, IntensityLevel, DurationMinutes, ExerciseLocation, Goals, DifficultyLevel) VALUES (53, N'Bieganie interwa³owe', N'Na bie¿ni lub na zewn¹trz wykonuj sprinty na krótkich dystansach z okresami odpoczynku pomiêdzy nimi.', N'Wysoka', 20, N'Dwór', N'Utrata wagi', N'Zaawansowany');
INSERT INTO Exercises (Id, ExerciseName, ExerciseDescription, IntensityLevel, DurationMinutes, ExerciseLocation, Goals, DifficultyLevel) VALUES (54, N'Bieganie interwa³owe', N'Na bie¿ni lub na zewn¹trz wykonuj sprinty na krótkich dystansach z okresami odpoczynku pomiêdzy nimi.', N'Wysoka', 20, N'Dwór', N'Poprawa kondycji', N'Zaawansowany');
INSERT INTO Exercises (Id, ExerciseName, ExerciseDescription, IntensityLevel, DurationMinutes, ExerciseLocation, Goals, DifficultyLevel) VALUES (55, N'Step-ups na ³awce', N'Stañ przed ³awk¹. K³adŸ na przemian ka¿d¹ nogê na ³awce i podnoœ siê, a nastêpnie opuszczaj z powrotem na pod³ogê.', N'Œrednia', 2, N'Pomieszczenie', N'Poprawa kondycji', N'Niski');
INSERT INTO Exercises (Id, ExerciseName, ExerciseDescription, IntensityLevel, DurationMinutes, ExerciseLocation, Goals, DifficultyLevel) VALUES (56, N'Step-ups na ³awce', N'Stañ przed ³awk¹. K³adŸ na przemian ka¿d¹ nogê na ³awce i podnoœ siê, a nastêpnie opuszczaj z powrotem na pod³ogê.', N'Œrednia', 2, N'Pomieszczenie', N'Utrata wagi', N'Niski');
INSERT INTO Exercises (Id, ExerciseName, ExerciseDescription, IntensityLevel, DurationMinutes, ExerciseLocation, Goals, DifficultyLevel) VALUES (57, N'Step-ups na ³awce', N'Stañ przed ³awk¹. K³adŸ na przemian ka¿d¹ nogê na ³awce i podnoœ siê, a nastêpnie opuszczaj z powrotem na pod³ogê.', N'Œrednia', 2, N'Dwór', N'Poprawa kondycji', N'Niski');
INSERT INTO Exercises (Id, ExerciseName, ExerciseDescription, IntensityLevel, DurationMinutes, ExerciseLocation, Goals, DifficultyLevel) VALUES (58, N'Step-ups na ³awce', N'Stañ przed ³awk¹. K³adŸ na przemian ka¿d¹ nogê na ³awce i podnoœ siê, a nastêpnie opuszczaj z powrotem na pod³ogê.', N'Œrednia', 2, N'Dwór', N'Utrata wagi', N'Niski');
INSERT INTO Exercises (Id, ExerciseName, ExerciseDescription, IntensityLevel, DurationMinutes, ExerciseLocation, Goals, DifficultyLevel) VALUES (59, N'Crunches', N'Po³ó¿ siê na plecach z nogami zgiêtymi w kolanach i stopami p³asko na pod³odze. Unieœ górn¹ czêœæ tu³owia w kierunku kolan, utrzymuj¹c napiêcie miêœni brzucha.', N'Œrednia', 2, N'Dowolne', N'Poprawa kondycji', N'Niski');
INSERT INTO Exercises (Id, ExerciseName, ExerciseDescription, IntensityLevel, DurationMinutes, ExerciseLocation, Goals, DifficultyLevel) VALUES (60, N'Crunches', N'Po³ó¿ siê na plecach z nogami zgiêtymi w kolanach i stopami p³asko na pod³odze. Unieœ górn¹ czêœæ tu³owia w kierunku kolan, utrzymuj¹c napiêcie miêœni brzucha.', N'Œrednia', 2, N'Dowolne', N'Utrata wagi', N'Niski');
INSERT INTO Exercises (Id, ExerciseName, ExerciseDescription, IntensityLevel, DurationMinutes, ExerciseLocation, Goals, DifficultyLevel) VALUES (61, N'Crunches', N'Po³ó¿ siê na plecach z nogami zgiêtymi w kolanach i stopami p³asko na pod³odze. Unieœ górn¹ czêœæ tu³owia w kierunku kolan, utrzymuj¹c napiêcie miêœni brzucha.', N'Œrednia', 2, N'Dowolne', N'Poprawa kondycji', N'Œredni');
INSERT INTO Exercises (Id, ExerciseName, ExerciseDescription, IntensityLevel, DurationMinutes, ExerciseLocation, Goals, DifficultyLevel) VALUES (62, N'Crunches', N'Po³ó¿ siê na plecach z nogami zgiêtymi w kolanach i stopami p³asko na pod³odze. Unieœ górn¹ czêœæ tu³owia w kierunku kolan, utrzymuj¹c napiêcie miêœni brzucha.', N'Œrednia', 2, N'Dowolne', N'Utrata wagi', N'Œredni');
INSERT INTO Exercises (Id, ExerciseName, ExerciseDescription, IntensityLevel, DurationMinutes, ExerciseLocation, Goals, DifficultyLevel) VALUES (63, N'Mountain Climbers', N'Zacznij w pozycji plank na rêkach. Naprzemiennie przyci¹gaj kolana do klatki piersiowej, jakbyœ wchodzi³ po schodach. Utrzymuj szybkie tempo.', N'Wysoka', 1, N'Pomieszczenie', N'Poprawa kondycji', N'Œredni');
INSERT INTO Exercises (Id, ExerciseName, ExerciseDescription, IntensityLevel, DurationMinutes, ExerciseLocation, Goals, DifficultyLevel) VALUES (64, N'Mountain Climbers', N'Zacznij w pozycji plank na rêkach. Naprzemiennie przyci¹gaj kolana do klatki piersiowej, jakbyœ wchodzi³ po schodach. Utrzymuj szybkie tempo.', N'Wysoka', 1, N'Pomieszczenie', N'Utrata wagi', N'Œredni');
INSERT INTO Exercises (Id, ExerciseName, ExerciseDescription, IntensityLevel, DurationMinutes, ExerciseLocation, Goals, DifficultyLevel) VALUES (65, N'Mountain Climbers', N'Zacznij w pozycji plank na rêkach. Naprzemiennie przyci¹gaj kolana do klatki piersiowej, jakbyœ wchodzi³ po schodach. Utrzymuj szybkie tempo.', N'Wysoka', 1, N'Dwór', N'Poprawa kondycji', N'Œredni');
INSERT INTO Exercises (Id, ExerciseName, ExerciseDescription, IntensityLevel, DurationMinutes, ExerciseLocation, Goals, DifficultyLevel) VALUES (66, N'Mountain Climbers', N'Zacznij w pozycji plank na rêkach. Naprzemiennie przyci¹gaj kolana do klatki piersiowej, jakbyœ wchodzi³ po schodach. Utrzymuj szybkie tempo.', N'Wysoka', 1, N'Dwór', N'Utrata wagi', N'Œredni');
INSERT INTO Exercises (Id, ExerciseName, ExerciseDescription, IntensityLevel, DurationMinutes, ExerciseLocation, Goals, DifficultyLevel) VALUES (67, N'Jumping Jacks', N'Stañ prosto z nogami razem, a nastêpnie skocz, rozszerzaj¹c nogi na boki i unosz¹c rêce nad g³owê. Wróæ do pozycji wyjœciowej i powtórz.', N'Wysoka', 1, N'Pomieszczenie', N'Poprawa kondycji', N'Niski');
INSERT INTO Exercises (Id, ExerciseName, ExerciseDescription, IntensityLevel, DurationMinutes, ExerciseLocation, Goals, DifficultyLevel) VALUES (68, N'Jumping Jacks', N'Stañ prosto z nogami razem, a nastêpnie skocz, rozszerzaj¹c nogi na boki i unosz¹c rêce nad g³owê. Wróæ do pozycji wyjœciowej i powtórz.', N'Wysoka', 1, N'Pomieszczenie', N'Utrata wagi', N'Niski');
INSERT INTO Exercises (Id, ExerciseName, ExerciseDescription, IntensityLevel, DurationMinutes, ExerciseLocation, Goals, DifficultyLevel) VALUES (69, N'Jumping Jacks', N'Stañ prosto z nogami razem, a nastêpnie skocz, rozszerzaj¹c nogi na boki i unosz¹c rêce nad g³owê. Wróæ do pozycji wyjœciowej i powtórz.', N'Wysoka', 1, N'Dwór', N'Poprawa kondycji', N'Niski');
INSERT INTO Exercises (Id, ExerciseName, ExerciseDescription, IntensityLevel, DurationMinutes, ExerciseLocation, Goals, DifficultyLevel) VALUES (70, N'Jumping Jacks', N'Stañ prosto z nogami razem, a nastêpnie skocz, rozszerzaj¹c nogi na boki i unosz¹c rêce nad g³owê. Wróæ do pozycji wyjœciowej i powtórz.', N'Wysoka', 1, N'Dwór', N'Utrata wagi', N'Niski');
INSERT INTO Exercises (Id, ExerciseName, ExerciseDescription, IntensityLevel, DurationMinutes, ExerciseLocation, Goals, DifficultyLevel) VALUES (71, N'High Knees', N'Biegaj w miejscu, podnosz¹c kolana wysoko w kierunku klatki piersiowej. Utrzymuj szybkie tempo.', N'Wysoka', 1, N'Pomieszczenie', N'Poprawa kondycji', N'Niski');
INSERT INTO Exercises (Id, ExerciseName, ExerciseDescription, IntensityLevel, DurationMinutes, ExerciseLocation, Goals, DifficultyLevel) VALUES (72, N'High Knees', N'Biegaj w miejscu, podnosz¹c kolana wysoko w kierunku klatki piersiowej. Utrzymuj szybkie tempo.', N'Wysoka', 1, N'Pomieszczenie', N'Utrata wagi', N'Niski');
INSERT INTO Exercises (Id, ExerciseName, ExerciseDescription, IntensityLevel, DurationMinutes, ExerciseLocation, Goals, DifficultyLevel) VALUES (73, N'High Knees', N'Biegaj w miejscu, podnosz¹c kolana wysoko w kierunku klatki piersiowej. Utrzymuj szybkie tempo.', N'Wysoka', 1, N'Dwór', N'Poprawa kondycji', N'Niski');
INSERT INTO Exercises (Id, ExerciseName, ExerciseDescription, IntensityLevel, DurationMinutes, ExerciseLocation, Goals, DifficultyLevel) VALUES (74, N'High Knees', N'Biegaj w miejscu, podnosz¹c kolana wysoko w kierunku klatki piersiowej. Utrzymuj szybkie tempo.', N'Wysoka', 1, N'Dwór', N'Utrata wagi', N'Niski');
INSERT INTO Exercises (Id, ExerciseName, ExerciseDescription, IntensityLevel, DurationMinutes, ExerciseLocation, Goals, DifficultyLevel) VALUES (75, N'Squat Jumps', N'Wykonaj przysiad, a nastêpnie wybuchowo wyskocz w górê, maksymalnie unosz¹c cia³o. L¹duj miêkko i powtórz.', N'Wysoka', 1, N'Pomieszczenie', N'Poprawa kondycji', N'Œredni');
INSERT INTO Exercises (Id, ExerciseName, ExerciseDescription, IntensityLevel, DurationMinutes, ExerciseLocation, Goals, DifficultyLevel) VALUES (76, N'Squat Jumps', N'Wykonaj przysiad, a nastêpnie wybuchowo wyskocz w górê, maksymalnie unosz¹c cia³o. L¹duj miêkko i powtórz.', N'Wysoka', 1, N'Dwór', N'Utrata wagi', N'Œredni');
INSERT INTO Exercises (Id, ExerciseName, ExerciseDescription, IntensityLevel, DurationMinutes, ExerciseLocation, Goals, DifficultyLevel) VALUES (77, N'Squat Jumps', N'Wykonaj przysiad, a nastêpnie wybuchowo wyskocz w górê, maksymalnie unosz¹c cia³o. L¹duj miêkko i powtórz.', N'Wysoka', 1, N'Dwór', N'Poprawa kondycji', N'Œredni');
INSERT INTO Exercises (Id, ExerciseName, ExerciseDescription, IntensityLevel, DurationMinutes, ExerciseLocation, Goals, DifficultyLevel) VALUES (78, N'Squat Jumps', N'Wykonaj przysiad, a nastêpnie wybuchowo wyskocz w górê, maksymalnie unosz¹c cia³o. L¹duj miêkko i powtórz.', N'Wysoka', 1, N'Pomieszczenie', N'Utrata wagi', N'Œredni');
INSERT INTO Exercises (Id, ExerciseName, ExerciseDescription, IntensityLevel, DurationMinutes, ExerciseLocation, Goals, DifficultyLevel) VALUES (79, N'Tuck Jumps', N'Stañ prosto, a nastêpnie skocz w górê, przyci¹gaj¹c kolana do klatki piersiowej. L¹duj i natychmiast wykonaj kolejny skok.', N'Wysoka', 1, N'Pomieszczenie', N'Utrata wagi', N'Zaawansowany');
INSERT INTO Exercises (Id, ExerciseName, ExerciseDescription, IntensityLevel, DurationMinutes, ExerciseLocation, Goals, DifficultyLevel) VALUES (80, N'Tuck Jumps', N'Stañ prosto, a nastêpnie skocz w górê, przyci¹gaj¹c kolana do klatki piersiowej. L¹duj i natychmiast wykonaj kolejny skok.', N'Wysoka', 1, N'Pomieszczenie', N'Poprawa kondycji', N'Zaawansowany');
INSERT INTO Exercises (Id, ExerciseName, ExerciseDescription, IntensityLevel, DurationMinutes, ExerciseLocation, Goals, DifficultyLevel) VALUES (81, N'Tuck Jumps', N'Stañ prosto, a nastêpnie skocz w górê, przyci¹gaj¹c kolana do klatki piersiowej. L¹duj i natychmiast wykonaj kolejny skok.', N'Wysoka', 1, N'Dwór', N'Utrata wagi', N'Zaawansowany');
INSERT INTO Exercises (Id, ExerciseName, ExerciseDescription, IntensityLevel, DurationMinutes, ExerciseLocation, Goals, DifficultyLevel) VALUES (82, N'Tuck Jumps', N'Stañ prosto, a nastêpnie skocz w górê, przyci¹gaj¹c kolana do klatki piersiowej. L¹duj i natychmiast wykonaj kolejny skok.', N'Wysoka', 1, N'Dwór', N'Poprawa kondycji', N'Zaawansowany');
INSERT INTO Exercises (Id, ExerciseName, ExerciseDescription, IntensityLevel, DurationMinutes, ExerciseLocation, Goals, DifficultyLevel) VALUES (83, N'Power Skips', N'Skacz do góry, naprzemiennie wznosz¹c kolana wysoko, jak podczas dynamicznego skipowania. U¿ywaj r¹k do zwiêkszenia intensywnoœci.', N'Wysoka', 1, N'Pomieszczenie', N'Poprawa kondycji', N'Œredni');
INSERT INTO Exercises (Id, ExerciseName, ExerciseDescription, IntensityLevel, DurationMinutes, ExerciseLocation, Goals, DifficultyLevel) VALUES (84, N'Power Skips', N'Skacz do góry, naprzemiennie wznosz¹c kolana wysoko, jak podczas dynamicznego skipowania. U¿ywaj r¹k do zwiêkszenia intensywnoœci.', N'Wysoka', 1, N'Pomieszczenie', N'Utrata wagi', N'Œredni');
INSERT INTO Exercises (Id, ExerciseName, ExerciseDescription, IntensityLevel, DurationMinutes, ExerciseLocation, Goals, DifficultyLevel) VALUES (85, N'Power Skips', N'Skacz do góry, naprzemiennie wznosz¹c kolana wysoko, jak podczas dynamicznego skipowania. U¿ywaj r¹k do zwiêkszenia intensywnoœci.', N'Wysoka', 1, N'Dwór', N'Poprawa kondycji', N'Œredni');
INSERT INTO Exercises (Id, ExerciseName, ExerciseDescription, IntensityLevel, DurationMinutes, ExerciseLocation, Goals, DifficultyLevel) VALUES (86, N'Power Skips', N'Skacz do góry, naprzemiennie wznosz¹c kolana wysoko, jak podczas dynamicznego skipowania. U¿ywaj r¹k do zwiêkszenia intensywnoœci.', N'Wysoka', 1, N'Dwór', N'Utrata wagi', N'Œredni');
INSERT INTO Exercises (Id, ExerciseName, ExerciseDescription, IntensityLevel, DurationMinutes, ExerciseLocation, Goals, DifficultyLevel) VALUES (87, N'Box Jumps', N'Stañ przed skrzyni¹ lub stabilnym podwy¿szeniem. Skocz obunó¿ na skrzyniê, l¹duj¹c stabilnie, a nastêpnie zeskocz z powrotem na ziemiê.', N'Wysoka', 1, N'Pomieszczenie', N'Poprawa kondycji', N'Zaawansowany');
INSERT INTO Exercises (Id, ExerciseName, ExerciseDescription, IntensityLevel, DurationMinutes, ExerciseLocation, Goals, DifficultyLevel) VALUES (88, N'Box Jumps', N'Stañ przed skrzyni¹ lub stabilnym podwy¿szeniem. Skocz obunó¿ na skrzyniê, l¹duj¹c stabilnie, a nastêpnie zeskocz z powrotem na ziemiê.', N'Wysoka', 1, N'Pomieszczenie', N'Utrata wagi', N'Zaawansowany');
INSERT INTO Exercises (Id, ExerciseName, ExerciseDescription, IntensityLevel, DurationMinutes, ExerciseLocation, Goals, DifficultyLevel) VALUES (89, N'Box Jumps', N'Stañ przed skrzyni¹ lub stabilnym podwy¿szeniem. Skocz obunó¿ na skrzyniê, l¹duj¹c stabilnie, a nastêpnie zeskocz z powrotem na ziemiê.', N'Wysoka', 1, N'Dwór', N'Poprawa kondycji', N'Zaawansowany');
INSERT INTO Exercises (Id, ExerciseName, ExerciseDescription, IntensityLevel, DurationMinutes, ExerciseLocation, Goals, DifficultyLevel) VALUES (90, N'Box Jumps', N'Stañ przed skrzyni¹ lub stabilnym podwy¿szeniem. Skocz obunó¿ na skrzyniê, l¹duj¹c stabilnie, a nastêpnie zeskocz z powrotem na ziemiê.', N'Wysoka', 1, N'Dwór', N'Utrata wagi', N'Zaawansowany');
INSERT INTO Exercises (Id, ExerciseName, ExerciseDescription, IntensityLevel, DurationMinutes, ExerciseLocation, Goals, DifficultyLevel) VALUES (91, N'Agility Drills', N'Ustaw kilka pacho³ków w linii lub formie innego wzoru. Biegnij, zmieniaj¹c kierunki przy ka¿dym pacho³ku, utrzymuj¹c szybkie tempo.', N'Wysoka', 10, N'Pomieszczenie', N'Poprawa kondycji', N'Œredni');
INSERT INTO Exercises (Id, ExerciseName, ExerciseDescription, IntensityLevel, DurationMinutes, ExerciseLocation, Goals, DifficultyLevel) VALUES (92, N'Agility Drills', N'Ustaw kilka pacho³ków w linii lub formie innego wzoru. Biegnij, zmieniaj¹c kierunki przy ka¿dym pacho³ku, utrzymuj¹c szybkie tempo.', N'Wysoka', 10, N'Pomieszczenie', N'Utrata wagi', N'Œredni');
INSERT INTO Exercises (Id, ExerciseName, ExerciseDescription, IntensityLevel, DurationMinutes, ExerciseLocation, Goals, DifficultyLevel) VALUES (93, N'Agility Drills', N'Ustaw kilka pacho³ków w linii lub formie innego wzoru. Biegnij, zmieniaj¹c kierunki przy ka¿dym pacho³ku, utrzymuj¹c szybkie tempo.', N'Wysoka', 10, N'Dwór', N'Poprawa kondycji', N'Œredni');
INSERT INTO Exercises (Id, ExerciseName, ExerciseDescription, IntensityLevel, DurationMinutes, ExerciseLocation, Goals, DifficultyLevel) VALUES (94, N'Agility Drills', N'Ustaw kilka pacho³ków w linii lub formie innego wzoru. Biegnij, zmieniaj¹c kierunki przy ka¿dym pacho³ku, utrzymuj¹c szybkie tempo.', N'Wysoka', 10, N'Dwór', N'Utrata wagi', N'Œredni');
INSERT INTO Exercises (Id, ExerciseName, ExerciseDescription, IntensityLevel, DurationMinutes, ExerciseLocation, Goals, DifficultyLevel) VALUES (95, N'Plyometric Push-Ups', N'Wykonaj standardow¹ pompkê, a w fazie wypychania zastosuj wystarczaj¹co du¿o si³y, aby Twoje rêce oderwa³y siê od pod³o¿a. Mo¿esz klaskaæ w powietrzu przed kolejnym l¹dowaniem.', N'Wysoka', 1, N'Pomieszczenie', N'Poprawa kondycji', N'Zaawansowany');
INSERT INTO Exercises (Id, ExerciseName, ExerciseDescription, IntensityLevel, DurationMinutes, ExerciseLocation, Goals, DifficultyLevel) VALUES (96, N'Plyometric Push-Ups', N'Wykonaj standardow¹ pompkê, a w fazie wypychania zastosuj wystarczaj¹co du¿o si³y, aby Twoje rêce oderwa³y siê od pod³o¿a. Mo¿esz klaskaæ w powietrzu przed kolejnym l¹dowaniem.', N'Wysoka', 1, N'Pomieszczenie', N'Utrata wagi', N'Zaawansowany');
INSERT INTO Exercises (Id, ExerciseName, ExerciseDescription, IntensityLevel, DurationMinutes, ExerciseLocation, Goals, DifficultyLevel) VALUES (97, N'Plyometric Push-Ups', N'Wykonaj standardow¹ pompkê, a w fazie wypychania zastosuj wystarczaj¹co du¿o si³y, aby Twoje rêce oderwa³y siê od pod³o¿a. Mo¿esz klaskaæ w powietrzu przed kolejnym l¹dowaniem.', N'Wysoka', 1, N'Dwór', N' Poprawa kondycji', N'Zaawansowany');
INSERT INTO Exercises (Id, ExerciseName, ExerciseDescription, IntensityLevel, DurationMinutes, ExerciseLocation, Goals, DifficultyLevel) VALUES (98, N'Plyometric Push-Ups', N'Wykonaj standardow¹ pompkê, a w fazie wypychania zastosuj wystarczaj¹co du¿o si³y, aby Twoje rêce oderwa³y siê od pod³o¿a. Mo¿esz klaskaæ w powietrzu przed kolejnym l¹dowaniem.', N'Wysoka', 1, N'Dwór', N'Utrata wagi', N'Zaawansowany');
INSERT INTO Exercises (Id, ExerciseName, ExerciseDescription, IntensityLevel, DurationMinutes, ExerciseLocation, Goals, DifficultyLevel) VALUES (99, N'Shadow Boxing', N'Przyjmij pozycjê boksersk¹ i wykonuj szybkie serie ciosów w powietrze. Skoncentruj siê na szybkoœci i technice.', N'Œrednia', 10, N'Pomieszczenie', N'Poprawa kondycji', N'Niski');
INSERT INTO Exercises (Id, ExerciseName, ExerciseDescription, IntensityLevel, DurationMinutes, ExerciseLocation, Goals, DifficultyLevel) VALUES (100, N'Shadow Boxing', N'Przyjmij pozycjê boksersk¹ i wykonuj szybkie serie ciosów w powietrze. Skoncentruj siê na szybkoœci i technice.', N'Œrednia', 10, N'Pomieszczenie', N'Utrata wagi', N'Niski');
INSERT INTO Exercises (Id, ExerciseName, ExerciseDescription, IntensityLevel, DurationMinutes, ExerciseLocation, Goals, DifficultyLevel) VALUES (101, N'Shadow Boxing', N'Przyjmij pozycjê boksersk¹ i wykonuj szybkie serie ciosów w powietrze. Skoncentruj siê na szybkoœci i technice.', N'Œrednia', 10, N'Dwór', N'Poprawa kondycji', N'Niski');
INSERT INTO Exercises (Id, ExerciseName, ExerciseDescription, IntensityLevel, DurationMinutes, ExerciseLocation, Goals, DifficultyLevel) VALUES (102, N'Shadow Boxing', N'Przyjmij pozycjê boksersk¹ i wykonuj szybkie serie ciosów w powietrze. Skoncentruj siê na szybkoœci i technice.', N'Œrednia', 10, N'Dwór', N'Utrata wagi', N'Niski');
INSERT INTO Exercises (Id, ExerciseName, ExerciseDescription, IntensityLevel, DurationMinutes, ExerciseLocation, Goals, DifficultyLevel) VALUES (103, N'Skaters', N'Naœladuj ruchy ³y¿wiarza szybko przeskakuj¹c z jednej nogi na drug¹. Skacz w bok za pomoc¹ jednej nogi, l¹duj¹c na przemian na ka¿dej nodze.', N'Wysoka', 1, N'Pomieszczenie', N'Utrata wagi', N'Œredni');
INSERT INTO Exercises (Id, ExerciseName, ExerciseDescription, IntensityLevel, DurationMinutes, ExerciseLocation, Goals, DifficultyLevel) VALUES (104, N'Skaters', N'Naœladuj ruchy ³y¿wiarza szybko przeskakuj¹c z jednej nogi na drug¹. Skacz w bok za pomoc¹ jednej nogi, l¹duj¹c na przemian na ka¿dej nodze.', N'Wysoka', 1, N'Dwór', N'Utrata wagi', N'Œredni');
INSERT INTO Exercises (Id, ExerciseName, ExerciseDescription, IntensityLevel, DurationMinutes, ExerciseLocation, Goals, DifficultyLevel) VALUES (105, N'Kettlebell Swings', N'Stañ prosto trzymaj¹c kettlebell obiema rêkami. Wykonaj pó³przysiad i wymachnij kettlebell do przodu na wysokoœæ ramion, a nastêpnie wróæ do pozycji wyjœciowej.', N'Œrednia', 1, N'Pomieszczenie', N'Utrata wagi', N'Œredni');
INSERT INTO Exercises (Id, ExerciseName, ExerciseDescription, IntensityLevel, DurationMinutes, ExerciseLocation, Goals, DifficultyLevel) VALUES (106, N'Kettlebell Swings', N'Stañ prosto trzymaj¹c kettlebell obiema rêkami. Wykonaj pó³przysiad i wymachnij kettlebell do przodu na wysokoœæ ramion, a nastêpnie wróæ do pozycji wyjœciowej.', N'Œrednia', 1, N'Dwór', N'Utrata wagi', N'Œredni');
INSERT INTO Exercises (Id, ExerciseName, ExerciseDescription, IntensityLevel, DurationMinutes, ExerciseLocation, Goals, DifficultyLevel) VALUES (107, N'Bieganie', N'Biegaj w swoim tempie na œwie¿ym powietrzu lub na bie¿ni. Skup siê na regularnym oddychaniu.', N'Œrednia', 30, N'Pomieszczenie', N'Poprawa samopoczucia', N'Niski');
INSERT INTO Exercises (Id, ExerciseName, ExerciseDescription, IntensityLevel, DurationMinutes, ExerciseLocation, Goals, DifficultyLevel) VALUES (108, N'Bieganie', N'Biegaj w swoim tempie na œwie¿ym powietrzu lub na bie¿ni. Skup siê na regularnym oddychaniu.', N'Œrednia', 30, N'Dwór', N'Poprawa samopoczucia', N'Niski');
INSERT INTO Exercises (Id, ExerciseName, ExerciseDescription, IntensityLevel, DurationMinutes, ExerciseLocation, Goals, DifficultyLevel) VALUES (109, N'Joga', N'Wykonuj ró¿ne pozycje jogi skupiaj¹c siê na oddychaniu, równowadze i rozci¹ganiu.', N'Niska', 60, N'Pomieszczenie', N'Poprawa samopoczucia', N'Niski');
INSERT INTO Exercises (Id, ExerciseName, ExerciseDescription, IntensityLevel, DurationMinutes, ExerciseLocation, Goals, DifficultyLevel) VALUES (110, N'Joga', N'Wykonuj ró¿ne pozycje jogi skupiaj¹c siê na oddychaniu, równowadze i rozci¹ganiu.', N'Niska', 60, N'Dwór', N'Poprawa samopoczucia', N'Niski');
INSERT INTO Exercises (Id, ExerciseName, ExerciseDescription, IntensityLevel, DurationMinutes, ExerciseLocation, Goals, DifficultyLevel) VALUES (111, N'Pilates', N'Wykonuj æwiczenia pilates, które koncentruj¹ siê na rdzeniu cia³a, poprawie postawy i elastycznoœci.', N'Niska', 60, N'Pomieszczenie', N'Poprawa samopoczucia', N'Niski');
INSERT INTO Exercises (Id, ExerciseName, ExerciseDescription, IntensityLevel, DurationMinutes, ExerciseLocation, Goals, DifficultyLevel) VALUES (112, N'Pilates', N'Wykonuj æwiczenia pilates, które koncentruj¹ siê na rdzeniu cia³a, poprawie postawy i elastycznoœci.', N'Niska', 60, N'Dwór', N'Poprawa samopoczucia', N'Niski');
INSERT INTO Exercises (Id, ExerciseName, ExerciseDescription, IntensityLevel, DurationMinutes, ExerciseLocation, Goals, DifficultyLevel) VALUES (113, N'Spacer', N'Regularne, spokojne spacery pomagaj¹ redukowaæ stres i poprawiaj¹ samopoczucie.', N'Niska', 30, N'Dwór', N'Poprawa samopoczucia', N'Niski');
INSERT INTO Exercises (Id, ExerciseName, ExerciseDescription, IntensityLevel, DurationMinutes, ExerciseLocation, Goals, DifficultyLevel) VALUES (114, N'Speed Skaters', N'Wykonuj dynamiczne przeskoki z boku na bok, naœladuj¹c ruchy ³y¿wiarza szybkoœciowego.', N'Wysoka', 1, N'Pomieszczenie', N'Utrata wagi', N'Œredni');
INSERT INTO Exercises (Id, ExerciseName, ExerciseDescription, IntensityLevel, DurationMinutes, ExerciseLocation, Goals, DifficultyLevel) VALUES (115, N'Speed Skaters', N'Wykonuj dynamiczne przeskoki z boku na bok, naœladuj¹c ruchy ³y¿wiarza szybkoœciowego.', N'Wysoka', 1, N'Dwór', N'Utrata wagi', N'Œredni');
INSERT INTO Exercises (Id, ExerciseName, ExerciseDescription, IntensityLevel, DurationMinutes, ExerciseLocation, Goals, DifficultyLevel) VALUES (116, N'Lateral Jump Squats', N'Wykonaj przysiad, a nastêpnie dynamicznie skocz w bok, l¹duj¹c w przysiadzie. Powtarzaj skoki na przemian w lewo i w prawo.', N'Wysoka', 1, N'Pomieszczenie', N'Utrata wagi', N'Œredni');
INSERT INTO Exercises (Id, ExerciseName, ExerciseDescription, IntensityLevel, DurationMinutes, ExerciseLocation, Goals, DifficultyLevel) VALUES (117, N'Lateral Jump Squats', N'Wykonaj przysiad, a nastêpnie dynamicznie skocz w bok, l¹duj¹c w przysiadzie. Powtarzaj skoki na przemian w lewo i w prawo.', N'Wysoka', 1, N'Dwór', N'Utrata wagi', N'Œredni');
INSERT INTO Exercises (Id, ExerciseName, ExerciseDescription, IntensityLevel, DurationMinutes, ExerciseLocation, Goals, DifficultyLevel) VALUES (118, N'Stretching', N'Wykonuj seriê æwiczeñ rozci¹gaj¹cych, które poprawi¹ Twoj¹ elastycznoœæ i pomog¹ zrelaksowaæ miêœnie.', N'Niska', 15, N'Pomieszczenie', N'Poprawa samopoczucia', N'Niski');
INSERT INTO Exercises (Id, ExerciseName, ExerciseDescription, IntensityLevel, DurationMinutes, ExerciseLocation, Goals, DifficultyLevel) VALUES (119, N'Stretching', N'Wykonuj seriê æwiczeñ rozci¹gaj¹cych, które poprawi¹ Twoj¹ elastycznoœæ i pomog¹ zrelaksowaæ miêœnie.', N'Niska', 15, N'Dwór', N'Poprawa samopoczucia', N'Niski');
INSERT INTO Exercises (Id, ExerciseName, ExerciseDescription, IntensityLevel, DurationMinutes, ExerciseLocation, Goals, DifficultyLevel) VALUES (120, N'Mindful Walking', N'Praktykuj uwa¿ne chodzenie, skupiaj¹c siê na ka¿dym kroku i otoczeniu, by zwiêkszyæ obecnoœæ i spokój umys³u.', N'Niska', 30, N'Dwór', N'Poprawa samopoczucia', N'Niski');
INSERT INTO Exercises (Id, ExerciseName, ExerciseDescription, IntensityLevel, DurationMinutes, ExerciseLocation, Goals, DifficultyLevel) VALUES (121, N'Qi Gong', N'Zajmij siê Qi Gong, form¹ chiñskiej gimnastyki zdrowotnej ³¹cz¹cej ruch, medytacjê i regulacjê oddechu.', N'Niska', 30, N'Pomieszczenie', N'Poprawa samopoczucia', N'Niski');
INSERT INTO Exercises (Id, ExerciseName, ExerciseDescription, IntensityLevel, DurationMinutes, ExerciseLocation, Goals, DifficultyLevel) VALUES (122, N'Qi Gong', N'Zajmij siê Qi Gong, form¹ chiñskiej gimnastyki zdrowotnej ³¹cz¹cej ruch, medytacjê i regulacjê oddechu.', N'Niska', 30, N'Dwór', N'Poprawa samopoczucia', N'Niski');
INSERT INTO Exercises (Id, ExerciseName, ExerciseDescription, IntensityLevel, DurationMinutes, ExerciseLocation, Goals, DifficultyLevel) VALUES (123, N'Dance Fitness', N'WeŸ udzia³ w lekcji tañca fitness, takiej jak Zumba lub taniec brzucha, aby po³¹czyæ ruch z zabaw¹ i poprawiæ samopoczucie.', N'Œrednia', 45, N'Pomieszczenie', N'Poprawa samopoczucia', N'Niski');
INSERT INTO Exercises (Id, ExerciseName, ExerciseDescription, IntensityLevel, DurationMinutes, ExerciseLocation, Goals, DifficultyLevel) VALUES (124, N'Aquafitness', N'Spróbuj aquafitnessu, czyli æwiczeñ w wodzie, które s¹ delikatne dla stawów, a jednoczeœnie efektywnie wzmacniaj¹ miêœnie.', N'Œrednia', 45, N'Pomieszczenie', N'Poprawa samopoczucia', N'Niski');
INSERT INTO Exercises (Id, ExerciseName, ExerciseDescription, IntensityLevel, DurationMinutes, ExerciseLocation, Goals, DifficultyLevel) VALUES (125, N'Nordic Walking', N'Uprawiaj nordic walking, u¿ywaj¹c specjalnych kijków do marszu, co zwiêksza zaanga¿owanie górnej czêœci cia³a.', N'Œrednia', 30, N'Dwór', N'Poprawa samopoczucia', N'Niski');
INSERT INTO Exercises (Id, ExerciseName, ExerciseDescription, IntensityLevel, DurationMinutes, ExerciseLocation, Goals, DifficultyLevel) VALUES (126, N'Spacer medytacyjny', N'Wykonuj spokojne spacery, koncentruj¹c siê na œwiadomym oddychaniu i obserwacji otoczenia.', N'Niska', 30, N'Dwór', N'Poprawa samopoczucia', N'Niski');
INSERT INTO Exercises (Id, ExerciseName, ExerciseDescription, IntensityLevel, DurationMinutes, ExerciseLocation, Goals, DifficultyLevel) VALUES (127, N'Flutter Kicks', N'Po³ó¿ siê na pod³odze i rób norzyce nogami na wysokoœci oko³o 30 cm', N'Wysoka', 1, N'Pomieszczenie', N'Utrata wagi', N'Œredni');
INSERT INTO Exercises (Id, ExerciseName, ExerciseDescription, IntensityLevel, DurationMinutes, ExerciseLocation, Goals, DifficultyLevel) VALUES (128, N'Side Plank(L)', N'W pozycji bocznej unieœ tu³ów i oprzyj siê na ³okciu i opieraj siê w taki sposób by stopy z g³ow¹ tworzy³y linie prost¹ (Na lewym ³okciu)', N'Œrednia', 1, N'Pomieszczenie', N'Utrata wagi', N'Œredni');
INSERT INTO Exercises (Id, ExerciseName, ExerciseDescription, IntensityLevel, DurationMinutes, ExerciseLocation, Goals, DifficultyLevel) VALUES (129, N'Side Plank(R)', N'W pozycji bocznej unieœ tu³ów i oprzyj siê na ³okciu i opieraj siê w taki sposób by stopy z g³ow¹ tworzy³y linie prost¹ (Na prawym ³okciu)', N'Œrednia', 1, N'Pomieszczenie', N'Utrata wagi', N'Œredni');
INSERT INTO Exercises (Id, ExerciseName, ExerciseDescription, IntensityLevel, DurationMinutes, ExerciseLocation, Goals, DifficultyLevel) VALUES (130, N'Butt Kicks', N'Æwiczenie podobne do high knees, tylko tutaj staramy siê ude¿yæ piêtami nasze poœladki', N'Wysoka', 1, N'Pomieszczenie', N'Utrata wagi', N'Œredni');
INSERT INTO Exercises (Id, ExerciseName, ExerciseDescription, IntensityLevel, DurationMinutes, ExerciseLocation, Goals, DifficultyLevel) VALUES (131, N'Straight Leg Sit Ups', N'Na wyprostowanych nogach, rób sk³ony brzucha nie odrywaj¹c nóg od pod³ogi', N'Wysoka', 1, N'Pomieszczenie', N'Utrata wagi', N'Œredni');
INSERT INTO Exercises (Id, ExerciseName, ExerciseDescription, IntensityLevel, DurationMinutes, ExerciseLocation, Goals, DifficultyLevel) VALUES (132, N'Air Bike', N'Po³ó¿ siê na pod³odze kolana unieœ do góry i na zmiane dotykaj lewym ³okciem prawego kolana oraz prawym ³okciem lewego kolana', N'Wysoka', 1, N'Pomieszczenie', N'Utrata wagi', N'Œredni');
INSERT INTO Exercises (Id, ExerciseName, ExerciseDescription, IntensityLevel, DurationMinutes, ExerciseLocation, Goals, DifficultyLevel) VALUES (133, N'Rope Jumping', N'Skakanie na skakance przez okreœlony czas, przeplataj¹c ró¿ne techniki skoków.', N'Wysoka', 20, N'Pomieszczenie', N'Utrata wagi', N'Œredni');
INSERT INTO Exercises (Id, ExerciseName, ExerciseDescription, IntensityLevel, DurationMinutes, ExerciseLocation, Goals, DifficultyLevel) VALUES (134, N'Rope Jumping', N'Skakanie na skakance przez okreœlony czas, przeplataj¹c ró¿ne techniki skoków.', N'Wysoka', 20, N'Dwór', N'Utrata wagi', N'Œredni');
INSERT INTO Exercises (Id, ExerciseName, ExerciseDescription, IntensityLevel, DurationMinutes, ExerciseLocation, Goals, DifficultyLevel) VALUES (135, N'Kickboxing', N'Dynamiczne æwiczenia kickboxingu, ³¹cz¹ce uderzenia piêœciami i kopniêcia, które spalaj¹ du¿o kalorii.', N'Wysoka', 30, N'Pomieszczenie', N'Utrata wagi', N'Œredni');
INSERT INTO Exercises (Id, ExerciseName, ExerciseDescription, IntensityLevel, DurationMinutes, ExerciseLocation, Goals, DifficultyLevel) VALUES (136, N'HIIT on Bike', N'Sesje interwa³owe na rowerze stacjonarnym, przeplataj¹ce bardzo intensywne okresy peda³owania z krótkimi okresami odpoczynku.', N'Wysoka', 30, N'Pomieszczenie', N'Utrata wagi', N'Zaawansowany');
INSERT INTO Exercises (Id, ExerciseName, ExerciseDescription, IntensityLevel, DurationMinutes, ExerciseLocation, Goals, DifficultyLevel) VALUES (137, N'Step Aerobics', N'Æwiczenia aerobowe z wykorzystaniem niskiego podestu, które poprawiaj¹ wydolnoœæ sercowo-naczyniow¹.', N'Œrednia', 30, N'Pomieszczenie', N'Poprawa kondycji', N'Niski');
INSERT INTO Exercises (Id, ExerciseName, ExerciseDescription, IntensityLevel, DurationMinutes, ExerciseLocation, Goals, DifficultyLevel) VALUES (138, N'Circuit Training', N'Zestaw ró¿nych stacji æwiczeniowych, ka¿da skoncentrowana na innej czêœci cia³a, przechodzisz od jednej do drugiej bez d³ugich przerw.', N'Wysoka', 30, N'Pomieszczenie', N'Poprawa kondycji', N'Œredni');
INSERT INTO Exercises (Id, ExerciseName, ExerciseDescription, IntensityLevel, DurationMinutes, ExerciseLocation, Goals, DifficultyLevel) VALUES (139, N'Stretching and Flexibility', N'Sesje rozci¹gania skupiaj¹ce siê na poprawie elastycznoœci i zmniejszeniu napiêcia miêœni.', N'Niska', 30, N'Pomieszczenie', N'Poprawa samopoczucia', N'Niski');
INSERT INTO Exercises (Id, ExerciseName, ExerciseDescription, IntensityLevel, DurationMinutes, ExerciseLocation, Goals, DifficultyLevel) VALUES (140, N'Stretching and Flexibility', N'Sesje rozci¹gania skupiaj¹ce siê na poprawie elastycznoœci i zmniejszeniu napiêcia miêœni.', N'Niska', 30, N'Dwór', N'Poprawa samopoczucia', N'Niski');
INSERT INTO Exercises (Id, ExerciseName, ExerciseDescription, IntensityLevel, DurationMinutes, ExerciseLocation, Goals, DifficultyLevel) VALUES (141, N'Standardowe brzuszki', N'Po³ó¿ siê na pod³odze i zaprzyj o coœ nogi by swobodnie unosiæ tu³ów w górê', N'Niska', 1, N'Pomieszczenie', N'Utrata wagi', N'Niski');
INSERT INTO Exercises (Id, ExerciseName, ExerciseDescription, IntensityLevel, DurationMinutes, ExerciseLocation, Goals, DifficultyLevel) VALUES (142, N'Standardowe brzuszki', N'Po³ó¿ siê na pod³odze i zaprzyj o coœ nogi by swobodnie unosiæ tu³ów w górê', N'Niska', 1, N'Pomieszczenie', N'Utrata wagi', N'Œredni');
INSERT INTO Exercises (Id, ExerciseName, ExerciseDescription, IntensityLevel, DurationMinutes, ExerciseLocation, Goals, DifficultyLevel) VALUES (143, N'Russian Twists', N'Usi¹dŸ na pod³odze z nogami opuszczonymi na ziemi. Trzymaj rêce przed sob¹ i obracaj tu³ów z lewa na prawo, dotykaj¹c d³oñmi pod³ogi po ka¿dej stronie.', N'Niska', 1, N'Dwór', N'Poprawa kondycji', N'Œredni');
INSERT INTO Exercises (Id, ExerciseName, ExerciseDescription, IntensityLevel, DurationMinutes, ExerciseLocation, Goals, DifficultyLevel) VALUES (144, N'Russian Twists', N'Usi¹dŸ na pod³odze z nogami opuszczonymi na ziemi. Trzymaj rêce przed sob¹ i obracaj tu³ów z lewa na prawo, dotykaj¹c d³oñmi pod³ogi po ka¿dej stronie.', N'Niska', 1, N'Dwór', N'Utrata wagi', N'Œredni');
INSERT INTO Exercises (Id, ExerciseName, ExerciseDescription, IntensityLevel, DurationMinutes, ExerciseLocation, Goals, DifficultyLevel) VALUES (145, N'Russian Twists', N'Usi¹dŸ na pod³odze z nogami opuszczonymi na ziemi. Trzymaj rêce przed sob¹ i obracaj tu³ów z lewa na prawo, dotykaj¹c d³oñmi pod³ogi po ka¿dej stronie.', N'Niska', 1, N'Dwór', N'Poprawa kondycji', N'Niski');
INSERT INTO Exercises (Id, ExerciseName, ExerciseDescription, IntensityLevel, DurationMinutes, ExerciseLocation, Goals, DifficultyLevel) VALUES (146, N'Russian Twists', N'Usi¹dŸ na pod³odze z nogami opuszczonymi na ziemi. Trzymaj rêce przed sob¹ i obracaj tu³ów z lewa na prawo, dotykaj¹c d³oñmi pod³ogi po ka¿dej stronie.', N'Niska', 1, N'Dwór', N'Utrata wagi', N'Niski');

INSERT INTO FoodProducts (Id, ProductName, Protein, Fats, Carbohydrates, Calories_100g) VALUES (1, 'Jab³ko', 0.26, 0.17, 13.81, 52.00);
INSERT INTO FoodProducts (Id, ProductName, Protein, Fats, Carbohydrates, Calories_100g) VALUES (2, 'Chleb pe³noziarnisty', 13.00, 3.00, 41.00, 247.00);
INSERT INTO FoodProducts (Id, ProductName, Protein, Fats, Carbohydrates, Calories_100g) VALUES (3, 'Pierœ z kurczaka', 31.00, 3.60, 0.00, 165.00);
INSERT INTO FoodProducts (Id, ProductName, Protein, Fats, Carbohydrates, Calories_100g) VALUES (4, 'Mleko 2%', 3.30, 2.00, 4.80, 50.00);
INSERT INTO FoodProducts (Id, ProductName, Protein, Fats, Carbohydrates, Calories_100g) VALUES (5, 'Jajko', 13.00, 11.00, 1.10, 155.00);
INSERT INTO FoodProducts (Id, ProductName, Protein, Fats, Carbohydrates, Calories_100g) VALUES (6, 'Makaron durum', 12.00, 1.50, 75.00, 350.00);
INSERT INTO FoodProducts (Id, ProductName, Protein, Fats, Carbohydrates, Calories_100g) VALUES (7, 'Ry¿ bia³y', 6.60, 0.50, 79.00, 360.00);
INSERT INTO FoodProducts (Id, ProductName, Protein, Fats, Carbohydrates, Calories_100g) VALUES (8, 'P³atki owsiane', 16.90, 6.90, 66.30, 389.00);
INSERT INTO FoodProducts (Id, ProductName, Protein, Fats, Carbohydrates, Calories_100g) VALUES (9, 'Twaróg chudy', 18.00, 0.50, 3.40, 98.00);
INSERT INTO FoodProducts (Id, ProductName, Protein, Fats, Carbohydrates, Calories_100g) VALUES (10, 'Banany', 1.10, 0.30, 23.00, 89.00);
INSERT INTO FoodProducts (Id, ProductName, Protein, Fats, Carbohydrates, Calories_100g) VALUES (11, 'Szpinak œwie¿y', 2.90, 0.40, 3.60, 23.00);
INSERT INTO FoodProducts (Id, ProductName, Protein, Fats, Carbohydrates, Calories_100g) VALUES (12, 'Pomidor', 0.90, 0.20, 3.90, 18.00);
INSERT INTO FoodProducts (Id, ProductName, Protein, Fats, Carbohydrates, Calories_100g) VALUES (13, 'Broku³y', 2.80, 0.40, 7.00, 34.00);
INSERT INTO FoodProducts (Id, ProductName, Protein, Fats, Carbohydrates, Calories_100g) VALUES (14, '£osoœ', 20.80, 13.60, 0.00, 208.00);
INSERT INTO FoodProducts (Id, ProductName, Protein, Fats, Carbohydrates, Calories_100g) VALUES (15, 'Orzechy w³oskie', 15.20, 65.20, 13.70, 654.00);
INSERT INTO FoodProducts (Id, ProductName, Protein, Fats, Carbohydrates, Calories_100g) VALUES (16, 'Awokado', 2.00, 15.00, 9.00, 160.00);
INSERT INTO FoodProducts (Id, ProductName, Protein, Fats, Carbohydrates, Calories_100g) VALUES (17, 'Czekolada gorzka', 5.40, 35.30, 45.90, 546.00);
INSERT INTO FoodProducts (Id, ProductName, Protein, Fats, Carbohydrates, Calories_100g) VALUES (18, 'Mas³o orzechowe', 25.10, 49.90, 19.50, 588.00);
INSERT INTO FoodProducts (Id, ProductName, Protein, Fats, Carbohydrates, Calories_100g) VALUES (19, 'Hummus', 7.90, 29.20, 17.40, 327.00);
INSERT INTO FoodProducts (Id, ProductName, Protein, Fats, Carbohydrates, Calories_100g) VALUES (20, 'Tofu', 8.00, 4.80, 1.90, 76.00);
INSERT INTO FoodProducts (Id, ProductName, Protein, Fats, Carbohydrates, Calories_100g) VALUES (21, 'Quinoa', 14.00, 6.00, 64.00, 368.00);
INSERT INTO FoodProducts (Id, ProductName, Protein, Fats, Carbohydrates, Calories_100g) VALUES (22, 'Jogurt naturalny', 10.00, 5.00, 3.60, 95.00);
INSERT INTO FoodProducts (Id, ProductName, Protein, Fats, Carbohydrates, Calories_100g) VALUES (23, 'Lody waniliowe', 3.50, 11.00, 24.00, 207.00);
INSERT INTO FoodProducts (Id, ProductName, Protein, Fats, Carbohydrates, Calories_100g) VALUES (24, 'Ciecierzyca gotowana', 8.90, 2.60, 27.40, 164.00);
INSERT INTO FoodProducts (Id, ProductName, Protein, Fats, Carbohydrates, Calories_100g) VALUES (25, 'Soczewica', 9.00, 0.40, 20.10, 116.00);
INSERT INTO FoodProducts (Id, ProductName, Protein, Fats, Carbohydrates, Calories_100g) VALUES (26, 'Fasola czerwona', 8.70, 0.50, 22.80, 127.00);
INSERT INTO FoodProducts (Id, ProductName, Protein, Fats, Carbohydrates, Calories_100g) VALUES (27, 'Chleb ¿ytni', 8.50, 1.00, 48.30, 250.00);
INSERT INTO FoodProducts (Id, ProductName, Protein, Fats, Carbohydrates, Calories_100g) VALUES (28, 'Chia nasiona', 17.00, 31.00, 42.00, 486.00);
INSERT INTO FoodProducts (Id, ProductName, Protein, Fats, Carbohydrates, Calories_100g) VALUES (29, 'Kasza gryczana', 13.30, 3.40, 71.50, 343.00);
INSERT INTO FoodProducts (Id, ProductName, Protein, Fats, Carbohydrates, Calories_100g) VALUES (30, 'Kasza jaglana', 11.00, 3.30, 69.30, 348.00);
INSERT INTO FoodProducts (Id, ProductName, Protein, Fats, Carbohydrates, Calories_100g) VALUES (31, 'Kasza kuskus', 12.80, 0.60, 73.10, 376.00);
INSERT INTO FoodProducts (Id, ProductName, Protein, Fats, Carbohydrates, Calories_100g) VALUES (32, 'Kurczak gotowany', 25.20, 7.70, 0.00, 165.00);
INSERT INTO FoodProducts (Id, ProductName, Protein, Fats, Carbohydrates, Calories_100g) VALUES (33, 'Indyk gotowany', 29.90, 7.10, 0.00, 189.00);
INSERT INTO FoodProducts (Id, ProductName, Protein, Fats, Carbohydrates, Calories_100g) VALUES (34, 'Kaczka pieczona', 19.90, 28.40, 0.00, 337.00);
INSERT INTO FoodProducts (Id, ProductName, Protein, Fats, Carbohydrates, Calories_100g) VALUES (35, 'Boczek wêdzony', 37.00, 32.00, 0.00, 541.00);
INSERT INTO FoodProducts (Id, ProductName, Protein, Fats, Carbohydrates, Calories_100g) VALUES (37, 'Ser feta', 14.20, 21.30, 4.00, 264.00);
INSERT INTO FoodProducts (Id, ProductName, Protein, Fats, Carbohydrates, Calories_100g) VALUES (38, 'Ser camembert', 20.00, 24.00, 0.50, 300.00);
INSERT INTO FoodProducts (Id, ProductName, Protein, Fats, Carbohydrates, Calories_100g) VALUES (39, 'Oliwa z oliwek', 0.00, 100.00, 0.00, 884.00);
INSERT INTO FoodProducts (Id, ProductName, Protein, Fats, Carbohydrates, Calories_100g) VALUES (40, 'Olej kokosowy', 0.00, 100.00, 0.00, 862.00);
INSERT INTO FoodProducts (Id, ProductName, Protein, Fats, Carbohydrates, Calories_100g) VALUES (41, 'M¹ka pszenna', 0.30, 1.20, 76.30, 364.00);
INSERT INTO FoodProducts (Id, ProductName, Protein, Fats, Carbohydrates, Calories_100g) VALUES (42, 'M¹ka kokosowa', 8.40, 62.00, 23.65, 660.00);
INSERT INTO FoodProducts (Id, ProductName, Protein, Fats, Carbohydrates, Calories_100g) VALUES (43, 'M¹ka migda³owa', 21.20, 49.90, 21.60, 607.00);
INSERT INTO FoodProducts (Id, ProductName, Protein, Fats, Carbohydrates, Calories_100g) VALUES (44, 'M¹ka owsiana', 14.60, 6.90, 66.30, 404.00);
INSERT INTO FoodProducts (Id, ProductName, Protein, Fats, Carbohydrates, Calories_100g) VALUES (45, 'Kakao w proszku', 19.60, 13.70, 57.90, 228.00);
INSERT INTO FoodProducts (Id, ProductName, Protein, Fats, Carbohydrates, Calories_100g) VALUES (46, 'Miód', 0.30, 0.00, 82.40, 304.00);
INSERT INTO FoodProducts (Id, ProductName, Protein, Fats, Carbohydrates, Calories_100g) VALUES (47, 'Syrop klonowy', 0.00, 0.20, 67.00, 261.00);
INSERT INTO FoodProducts (Id, ProductName, Protein, Fats, Carbohydrates, Calories_100g) VALUES (48, 'Daktyle', 2.50, 0.40, 75.00, 277.00);
INSERT INTO FoodProducts (Id, ProductName, Protein, Fats, Carbohydrates, Calories_100g) VALUES (49, 'Figi suszone', 0.30, 0.90, 63.90, 249.00);
INSERT INTO FoodProducts (Id, ProductName, Protein, Fats, Carbohydrates, Calories_100g) VALUES (50, 'Morele suszone', 3.40, 0.50, 63.00, 241.00);
INSERT INTO FoodProducts (Id, ProductName, Protein, Fats, Carbohydrates, Calories_100g) VALUES (51, 'Rodzynki', 3.00, 0.50, 79.00, 299.00);
INSERT INTO FoodProducts (Id, ProductName, Protein, Fats, Carbohydrates, Calories_100g) VALUES (52, 'Orzechy nerkowca', 18.20, 43.90, 30.20, 553.00);
INSERT INTO FoodProducts (Id, ProductName, Protein, Fats, Carbohydrates, Calories_100g) VALUES (53, 'Orzechy laskowe', 15.00, 60.80, 17.00, 628.00);
INSERT INTO FoodProducts (Id, ProductName, Protein, Fats, Carbohydrates, Calories_100g) VALUES (54, 'Orzechy brazylijskie', 14.30, 66.40, 12.30, 659.00);
INSERT INTO FoodProducts (Id, ProductName, Protein, Fats, Carbohydrates, Calories_100g) VALUES (55, 'Migda³y', 21.20, 49.90, 21.60, 575.00);
INSERT INTO FoodProducts (Id, ProductName, Protein, Fats, Carbohydrates, Calories_100g) VALUES (56, 'Pistacje', 20.30, 45.40, 27.50, 557.00);
INSERT INTO FoodProducts (Id, ProductName, Protein, Fats, Carbohydrates, Calories_100g) VALUES (57, 'Dynia pieczona', 1.10, 0.10, 6.50, 26.00);
INSERT INTO FoodProducts (Id, ProductName, Protein, Fats, Carbohydrates, Calories_100g) VALUES (58, 'Marchew gotowana', 0.80, 0.20, 8.20, 35.00);
INSERT INTO FoodProducts (Id, ProductName, Protein, Fats, Carbohydrates, Calories_100g) VALUES (59, 'Kukurydza gotowana', 3.40, 1.50, 25.00, 108.00);
INSERT INTO FoodProducts (Id, ProductName, Protein, Fats, Carbohydrates, Calories_100g) VALUES (60, 'Polêdwica wo³owa', 22.00, 5.00, 0.00, 130.00);


INSERT INTO Meals (Id, MealName, Protein, Fats, Carbohydrates, Calories, MealType, Goals, Allergy, Type, FoodType, ProductType, RegionTypeFood, ExcludedProducts) VALUES (1, N'Owsianka z orzechami i miodem', 8.0, 10.0, 50.0, 350, N'Breakfast', N'Utrzymanie zdrowia', N'Orzechy', N'Bezglutenowa', N'Produkty zbo¿owe', N'Istotne', N'Brak', N'Nie');
INSERT INTO Meals (Id, MealName, Protein, Fats, Carbohydrates, Calories, MealType, Goals, Allergy, Type, FoodType, ProductType, RegionTypeFood, ExcludedProducts) VALUES (2, N'Jajka sadzone z warzywami', 12.0, 18.0, 5.0, 220, N'Breakfast', N'Zwiêkszenie energii', N'Jaja', N'Bezglutenowa', N'Produkty zwierzêce', N'Istotne', N'Brak', N'Nie');
INSERT INTO Meals (Id, MealName, Protein, Fats, Carbohydrates, Calories, MealType, Goals, Allergy, Type, FoodType, ProductType, RegionTypeFood, ExcludedProducts) VALUES (3, N'Koktajl bia³kowy', 30.0, 5.0, 10.0, 250, N'Shake', N'Budowa masy miêœniowej', N'Bia³ko', N'Bezglutenowa', N'Produkty bia³kowe', N'Istotne', N'Brak', N'Nie');
INSERT INTO Meals (Id, MealName, Protein, Fats, Carbohydrates, Calories, MealType, Goals, Allergy, Type, FoodType, ProductType, RegionTypeFood, ExcludedProducts) VALUES (4, N'Sa³atka z kurczakiem i awokado', 25.0, 18.0, 10.0, 350, N'Lunch', N'Zdrowe od¿ywianie', N'Kurczak', N'Bezglutenowa', N'Produkty miêsne', N'Istotne', N'Brak', N'Nie');
INSERT INTO Meals (Id, MealName, Protein, Fats, Carbohydrates, Calories, MealType, Goals, Allergy, Type, FoodType, ProductType, RegionTypeFood, ExcludedProducts) VALUES (5, N'Zupa pomidorowa', 5.0, 7.0, 20.0, 150, N'Obiad', N'Zwiêkszenie energii', N'Pomidor', N'Bezglutenowa', N'Produkty roœlinne', N'Istotne', N'Brak', N'Nie');
INSERT INTO Meals (Id, MealName, Protein, Fats, Carbohydrates, Calories, MealType, Goals, Allergy, Type, FoodType, ProductType, RegionTypeFood, ExcludedProducts) VALUES (6, N'Kanapka z awokado i jajkiem', 12.0, 20.0, 15.0, 280, N'Lunch', N'Zdrowe od¿ywianie', N'Alergeny jajka', N'Bezglutenowa', N'Produkty roœlinne', N'Istotne', N'Brak', N'Nie');
INSERT INTO Meals (Id, MealName, Protein, Fats, Carbohydrates, Calories, MealType, Goals, Allergy, Type, FoodType, ProductType, RegionTypeFood, ExcludedProducts) VALUES (7, N'Kaszotto z kurczakiem', 30.0, 12.0, 50.0, 400, N'Obiad', N'Budowa masy miêœniowej', N'Kurczak', N'Bezglutenowa', N'Produkty zbo¿owe', N'Istotne', N'Brak', N'Nie');
INSERT INTO Meals (Id, MealName, Protein, Fats, Carbohydrates, Calories, MealType, Goals, Allergy, Type, FoodType, ProductType, RegionTypeFood, ExcludedProducts) VALUES (8, N'Placuszki bananowe', 6.0, 10.0, 40.0, 300, N'Breakfast', N'Zwiêkszenie energii', N'Banan', N'Bezglutenowa', N'Produkty roœlinne', N'Istotne', N'Brak', N'Nie');
INSERT INTO Meals (Id, MealName, Protein, Fats, Carbohydrates, Calories, MealType, Goals, Allergy, Type, FoodType, ProductType, RegionTypeFood, ExcludedProducts) VALUES (9, N'Pieczony ³osoœ z warzywami', 22.0, 14.0, 10.0, 350, N'Obiad', N'Zdrowe od¿ywianie', N'£osoœ', N'Bezglutenowa', N'Produkty zwierzêce', N'Istotne', N'Brak', N'Nie');
INSERT INTO Meals (Id, MealName, Protein, Fats, Carbohydrates, Calories, MealType, Goals, Allergy, Type, FoodType, ProductType, RegionTypeFood, ExcludedProducts) VALUES (10, N'Jogurt z granol¹', 8.0, 10.0, 30.0, 250, N'Dessert', N'Zdrowe od¿ywianie', N'Produkty mleczne', N'Bezglutenowa', N'Produkty zbo¿owe', N'Istotne', N'Brak', N'Nie');
INSERT INTO Meals (Id, MealName, Protein, Fats, Carbohydrates, Calories, MealType, Goals, Allergy, Type, FoodType, ProductType, RegionTypeFood, ExcludedProducts) VALUES (11, N'Smoothie owocowe', 3.0, 5.0, 30.0, 180, N'Shake', N'Zwiêkszenie energii', N'Owoc', N'Bezglutenowa', N'Produkty roœlinne', N'Istotne', N'Brak', N'Nie');
INSERT INTO Meals (Id, MealName, Protein, Fats, Carbohydrates, Calories, MealType, Goals, Allergy, Type, FoodType, ProductType, RegionTypeFood, ExcludedProducts) VALUES (12, N'Gulasz wo³owy z kasz¹', 30.0, 20.0, 40.0, 500, N'Obiad', N'Budowa masy miêœniowej', N'Wo³owina', N'Bezglutenowa', N'Produkty miêsne', N'Istotne', N'Brak', N'Nie');
INSERT INTO Meals (Id, MealName, Protein, Fats, Carbohydrates, Calories, MealType, Goals, Allergy, Type, FoodType, ProductType, RegionTypeFood, ExcludedProducts) VALUES (13, N'Zupa krem z broku³ów', 4.0, 5.0, 10.0, 120, N'Obiad', N'Zdrowe od¿ywianie', N'Broku³y', N'Bezglutenowa', N'Produkty roœlinne', N'Istotne', N'Brak', N'Nie');
INSERT INTO Meals (Id, MealName, Protein, Fats, Carbohydrates, Calories, MealType, Goals, Allergy, Type, FoodType, ProductType, RegionTypeFood, ExcludedProducts) VALUES (14, N'Pasta z tuñczykiem', 20.0, 15.0, 40.0, 400, N'Dinner', N'Zdrowe od¿ywianie', N'Tuñczyk', N'Bezglutenowa', N'Produkty zbo¿owe', N'Istotne', N'Brak', N'Nie');
INSERT INTO Meals (Id, MealName, Protein, Fats, Carbohydrates, Calories, MealType, Goals, Allergy, Type, FoodType, ProductType, RegionTypeFood, ExcludedProducts) VALUES (15, N'Musli z owocami', 6.0, 12.0, 45.0, 350, N'Breakfast', N'Zwiêkszenie energii', N'Owoc', N'Bezglutenowa', N'Produkty zbo¿owe', N'Istotne', N'Brak', N'Nie');
INSERT INTO Meals (Id, MealName, Protein, Fats, Carbohydrates, Calories, MealType, Goals, Allergy, Type, FoodType, ProductType, RegionTypeFood, ExcludedProducts) VALUES (16, N'Risotto z kurczakiem i warzywami', 22.0, 15.0, 50.0, 450, N'Obiad', N'Budowa masy miêœniowej', N'Kurczak', N'Bezglutenowa', N'Produkty zbo¿owe', N'Istotne', N'Brak', N'Nie');
INSERT INTO Meals (Id, MealName, Protein, Fats, Carbohydrates, Calories, MealType, Goals, Allergy, Type, FoodType, ProductType, RegionTypeFood, ExcludedProducts) VALUES (17, N'Placki ziemniaczane', 4.0, 15.0, 30.0, 280, N'Dinner', N'Zwiêkszenie energii', N'Ziemniaki', N'Bezglutenowa', N'Produkty roœlinne', N'Istotne', N'Brak', N'Nie');
INSERT INTO Meals (Id, MealName, Protein, Fats, Carbohydrates, Calories, MealType, Goals, Allergy, Type, FoodType, ProductType, RegionTypeFood, ExcludedProducts) VALUES (18, N'Kotlety mielone', 25.0, 20.0, 10.0, 400, N'Obiad', N'Budowa masy miêœniowej', N'Wieprzowina', N'Bezglutenowa', N'Produkty miêsne', N'Istotne', N'Brak', N'Nie');
INSERT INTO Meals (Id, MealName, Protein, Fats, Carbohydrates, Calories, MealType, Goals, Allergy, Type, FoodType, ProductType, RegionTypeFood, ExcludedProducts) VALUES (19, N'Kurczak pieczony z batatami', 30.0, 12.0, 40.0, 450, N'Obiad', N'Budowa masy miêœniowej', N'Kurczak', N'Bezglutenowa', N'Produkty roœlinne', N'Istotne', N'Brak', N'Nie');
INSERT INTO Meals (Id, MealName, Protein, Fats, Carbohydrates, Calories, MealType, Goals, Allergy, Type, FoodType, ProductType, RegionTypeFood, ExcludedProducts) VALUES (20, N'Makaron z pesto', 10.0, 18.0, 35.0, 380, N'Dinner', N'Zdrowe od¿ywianie', N'Bazylia', N'Bezglutenowa', N'Produkty zbo¿owe', N'Istotne', N'Brak', N'Nie');
INSERT INTO Meals (Id, MealName, Protein, Fats, Carbohydrates, Calories, MealType, Goals, Allergy, Type, FoodType, ProductType, RegionTypeFood, ExcludedProducts) VALUES (21, N'Burgery z indyka', 25.0, 15.0, 10.0, 350, N'Dinner', N'Budowa masy miêœniowej', N'Indyk', N'Bezglutenowa', N'Produkty miêsne', N'Istotne', N'Brak', N'Nie');
INSERT INTO Meals (Id, MealName, Protein, Fats, Carbohydrates, Calories, MealType, Goals, Allergy, Type, FoodType, ProductType, RegionTypeFood, ExcludedProducts) VALUES (22, N'Omelet z warzywami', 18.0, 14.0, 5.0, 250, N'Breakfast', N'Zwiêkszenie energii', N'Jaja', N'Bezglutenowa', N'Produkty zwierzêce', N'Istotne', N'Brak', N'Nie');
INSERT INTO Meals (Id, MealName, Protein, Fats, Carbohydrates, Calories, MealType, Goals, Allergy, Type, FoodType, ProductType, RegionTypeFood, ExcludedProducts) VALUES (23, N'Tortilla z kurczakiem', 30.0, 10.0, 50.0, 450, N'Lunch', N'Budowa masy miêœniowej', N'Kurczak', N'Bezglutenowa', N'Produkty zbo¿owe', N'Istotne', N'Brak', N'Nie');
INSERT INTO Meals (Id, MealName, Protein, Fats, Carbohydrates, Calories, MealType, Goals, Allergy, Type, FoodType, ProductType, RegionTypeFood, ExcludedProducts) VALUES (24, N'Zupa krem z dyni', 4.0, 8.0, 20.0, 180, N'Obiad', N'Zdrowe od¿ywianie', N'Dynia', N'Bezglutenowa', N'Produkty roœlinne', N'Istotne', N'Brak', N'Nie');
INSERT INTO Meals (Id, MealName, Protein, Fats, Carbohydrates, Calories, MealType, Goals, Allergy, Type, FoodType, ProductType, RegionTypeFood, ExcludedProducts) VALUES (25, N'Pudding chia', 8.0, 15.0, 20.0, 250, N'Dessert', N'Zdrowe od¿ywianie', N'Nasiona chia', N'Bezglutenowa', N'Produkty roœlinne', N'Istotne', N'Brak', N'Nie');
INSERT INTO Meals (Id, MealName, Protein, Fats, Carbohydrates, Calories, MealType, Goals, Allergy, Type, FoodType, ProductType, RegionTypeFood, ExcludedProducts) VALUES (26, N'Pizza z warzywami', 12.0, 18.0, 30.0, 400, N'Dinner', N'Zdrowe od¿ywianie', N'Warzywa', N'Bezglutenowa', N'Produkty roœlinne', N'Istotne', N'Brak', N'Nie');
INSERT INTO Meals (Id, MealName, Protein, Fats, Carbohydrates, Calories, MealType, Goals, Allergy, Type, FoodType, ProductType, RegionTypeFood, ExcludedProducts) VALUES (27, N'Chili con carne', 28.0, 20.0, 30.0, 500, N'Obiad', N'Budowa masy miêœniowej', N'Wo³owina', N'Bezglutenowa', N'Produkty miêsne', N'Istotne', N'Brak', N'Nie');
INSERT INTO Meals (Id, MealName, Protein, Fats, Carbohydrates, Calories, MealType, Goals, Allergy, Type, FoodType, ProductType, RegionTypeFood, ExcludedProducts) VALUES (28, N'Makaron z sosem pomidorowym', 12.0, 8.0, 40.0, 350, N'Dinner', N'Zdrowe od¿ywianie', N'Pomidor', N'Bezglutenowa', N'Produkty zbo¿owe', N'Istotne', N'Brak', N'Nie');
INSERT INTO Meals (Id, MealName, Protein, Fats, Carbohydrates, Calories, MealType, Goals, Allergy, Type, FoodType, ProductType, RegionTypeFood, ExcludedProducts) VALUES (29, N'Placki warzywne', 5.0, 10.0, 25.0, 230, N'Dinner', N'Zwiêkszenie energii', N'Warzywa', N'Bezglutenowa', N'Produkty roœlinne', N'Istotne', N'Brak', N'Nie');
INSERT INTO Meals (Id, MealName, Protein, Fats, Carbohydrates, Calories, MealType, Goals, Allergy, Type, FoodType, ProductType, RegionTypeFood, ExcludedProducts) VALUES (30, N'Zupa krem z kalafiora', 4.0, 5.0, 15.0, 130, N'Obiad', N'Zdrowe od¿ywianie', N'Kalafior', N'Bezglutenowa', N'Produkty roœlinne', N'Istotne', N'Brak', N'Nie');
INSERT INTO Meals (Id, MealName, Protein, Fats, Carbohydrates, Calories, MealType, Goals, Allergy, Type, FoodType, ProductType, RegionTypeFood, ExcludedProducts) VALUES (31, 'Pad Thai z tofu', 50.0, 40.0, 100.0, 1100, 'Lunch', 'Utrzymanie wagi', 'Brak', 'Bezglutenowa', 'Ryby', 'Istotne', 'Kuchnia azjatycka', 'Sma¿one potrawy');
INSERT INTO Meals (Id, MealName, Protein, Fats, Carbohydrates, Calories, MealType, Goals, Allergy, Type, FoodType, ProductType, RegionTypeFood, ExcludedProducts) VALUES (32, 'Pad Thai z tofu', 50.0, 40.0, 100.0, 1100, 'Lunch', 'Utrzymanie wagi', 'Brak', 'Bezglutenowa', 'Ryby', 'Nie istotne', 'Kuchnia azjatycka', 'Sma¿one potrawy');
INSERT INTO Meals (Id, MealName, Protein, Fats, Carbohydrates, Calories, MealType, Goals, Allergy, Type, FoodType, ProductType, RegionTypeFood, ExcludedProducts) VALUES (33, 'Sa³atka œródziemnomorska z grillowanym ³ososiem', 70.0, 50.0, 60.0, 960, 'Lunch', 'Utrzymanie zdrowia', 'Brak', 'Brak', 'Ryby', 'Istotne', 'Kuchnia œródziemnomorska', 'Nie');
INSERT INTO Meals (Id, MealName, Protein, Fats, Carbohydrates, Calories, MealType, Goals, Allergy, Type, FoodType, ProductType, RegionTypeFood, ExcludedProducts) VALUES (34, 'Sa³atka œródziemnomorska z grillowanym ³ososiem', 70.0, 50.0, 60.0, 960, 'Lunch', 'Utrzymanie zdrowia', 'Brak', 'Brak', 'Ryby', 'Nie istotne', 'Kuchnia œródziemnomorska', 'Nie');
INSERT INTO Meals (Id, MealName, Protein, Fats, Carbohydrates, Calories, MealType, Goals, Allergy, Type, FoodType, ProductType, RegionTypeFood, ExcludedProducts) VALUES (35, 'Keto stek z pieczonymi warzywami', 100.0, 60.0, 40.0, 1200, 'Lunch', 'Utrzymanie wagi', 'Brak', 'Keto', 'Miêso', 'Istotne', 'Kuchnia amerykañska', 'Cukry proste');
INSERT INTO Meals (Id, MealName, Protein, Fats, Carbohydrates, Calories, MealType, Goals, Allergy, Type, FoodType, ProductType, RegionTypeFood, ExcludedProducts) VALUES (36, 'Keto stek z pieczonymi warzywami', 100.0, 60.0, 40.0, 1200, 'Lunch', 'Utrzymanie wagi', 'Brak', 'Keto', 'Miêso', 'Nie istotne', 'Kuchnia amerykañska', 'Cukry proste');
INSERT INTO Meals (Id, MealName, Protein, Fats, Carbohydrates, Calories, MealType, Goals, Allergy, Type, FoodType, ProductType, RegionTypeFood, ExcludedProducts) VALUES (37, 'Curry z ciecierzycy', 36.0, 20.0, 80.0, 720, 'Lunch', 'Poprawa samopoczucia', 'Brak', 'Wegañska', 'Warzywa', 'Istotne', 'Kuchnia azjatycka', 'Nie');
INSERT INTO Meals (Id, MealName, Protein, Fats, Carbohydrates, Calories, MealType, Goals, Allergy, Type, FoodType, ProductType, RegionTypeFood, ExcludedProducts) VALUES (38, 'Curry z ciecierzycy', 36.0, 20.0, 80.0, 720, 'Lunch', 'Poprawa samopoczucia', 'Brak', 'Wegañska', 'Warzywa', 'Nie istotne', 'Kuchnia azjatycka', 'Nie');
INSERT INTO Meals (Id, MealName, Protein, Fats, Carbohydrates, Calories, MealType, Goals, Allergy, Type, FoodType, ProductType, RegionTypeFood, ExcludedProducts) VALUES (39, 'Risotto z pieczarkami', 30.0, 40.0, 120.0, 800, 'Lunch', 'Poprawa samopoczucia', 'Brak', 'Bezglutenowa', 'Produkty zbo¿owe', 'Nie istotne', 'Kuchnia œródziemnomorska', 'Nie');
INSERT INTO Meals (Id, MealName, Protein, Fats, Carbohydrates, Calories, MealType, Goals, Allergy, Type, FoodType, ProductType, RegionTypeFood, ExcludedProducts) VALUES (40, 'Risotto z pieczarkami', 30.0, 40.0, 120.0, 800, 'Lunch', 'Poprawa samopoczucia', 'Brak', 'Bezglutenowa', 'Produkty zbo¿owe', 'Istotne', 'Kuchnia œródziemnomorska', 'Nie');
INSERT INTO Meals (Id, MealName, Protein, Fats, Carbohydrates, Calories, MealType, Goals, Allergy, Type, FoodType, ProductType, RegionTypeFood, ExcludedProducts) VALUES (41, 'Falafel w pitach z tzatziki', 24.0, 32.0, 130.0, 820, 'Lunch', 'Utrata Wagi', 'Gluten', 'Wegetariañska', 'Warzywa', 'Nie istotne', 'Kuchnia œródziemnomorska', 'Sma¿one potrawy');
INSERT INTO Meals (Id, MealName, Protein, Fats, Carbohydrates, Calories, MealType, Goals, Allergy, Type, FoodType, ProductType, RegionTypeFood, ExcludedProducts) VALUES (42, 'Falafel w pitach z tzatziki', 24.0, 32.0, 130.0, 820, 'Lunch', 'Utrata Wagi', 'Gluten', 'Wegetariañska', 'Warzywa', 'Istotne', 'Kuchnia œródziemnomorska', 'Sma¿one potrawy');
INSERT INTO Meals (Id, MealName, Protein, Fats, Carbohydrates, Calories, MealType, Goals, Allergy, Type, FoodType, ProductType, RegionTypeFood, ExcludedProducts) VALUES (43, 'Chili con carne', 60.0, 40.0, 70.0, 1040, 'Lunch', 'Utrzymanie zdrowia', 'Brak', 'Brak', 'Miêso', 'Istotne', 'Kuchnia amerykañska', 'Nie');
INSERT INTO Meals (Id, MealName, Protein, Fats, Carbohydrates, Calories, MealType, Goals, Allergy, Type, FoodType, ProductType, RegionTypeFood, ExcludedProducts) VALUES (44, 'Chili con carne', 60.0, 40.0, 70.0, 1040, 'Lunch', 'Utrzymanie zdrowia', 'Brak', 'Brak', 'Miêso', 'Nie istotne', 'Kuchnia amerykañska', 'Nie');
INSERT INTO Meals (Id, MealName, Protein, Fats, Carbohydrates, Calories, MealType, Goals, Allergy, Type, FoodType, ProductType, RegionTypeFood, ExcludedProducts) VALUES (45, 'Miso ramen z kurczakiem', 70.0, 30.0, 80.0, 1000, 'Lunch', 'Utrzymanie wagi', 'Brak', 'Brak', 'Ryby', 'Nie istotne', 'Kuchnia azjatycka', 'Nie');
INSERT INTO Meals (Id, MealName, Protein, Fats, Carbohydrates, Calories, MealType, Goals, Allergy, Type, FoodType, ProductType, RegionTypeFood, ExcludedProducts) VALUES (46, 'Miso ramen z kurczakiem', 70.0, 30.0, 80.0, 1000, 'Lunch', 'Utrzymanie wagi', 'Brak', 'Brak', 'Ryby', 'Istotne', 'Kuchnia azjatycka', 'Nie');

INSERT INTO QuestionDiet (Id, QuestionText, QuestionCategory, DateCreated, IsActive) VALUES (1, N'Jakie s¹ Twoje g³ówne cele ¿ywieniowe?', N'Goals', TO_TIMESTAMP('2024-04-16T16:26:21.557', 'YYYY-MM-DD"T"HH24:MI:SS.FF3'), 1);
INSERT INTO QuestionDiet (Id, QuestionText, QuestionCategory, DateCreated, IsActive) VALUES (2, N'Czy masz jakieœ alergie pokarmowe lub nietolerancje??', N'Allergy', TO_TIMESTAMP('2024-04-16T16:26:21.570', 'YYYY-MM-DD"T"HH24:MI:SS.FF3'), 1);
INSERT INTO QuestionDiet (Id, QuestionText, QuestionCategory, DateCreated, IsActive) VALUES (3, N'Czy preferujesz jak¹œ okreœlon¹ dietê?', N'Type', TO_TIMESTAMP('2024-04-16T16:26:21.570', 'YYYY-MM-DD"T"HH24:MI:SS.FF3'), 1);
INSERT INTO QuestionDiet (Id, QuestionText, QuestionCategory, DateCreated, IsActive) VALUES (4, N'Jakie rodzaje ¿ywnoœci preferujesz?', N'Food Type', TO_TIMESTAMP('2024-04-16T16:26:21.570', 'YYYY-MM-DD"T"HH24:MI:SS.FF3'), 1);
INSERT INTO QuestionDiet (Id, QuestionText, QuestionCategory, DateCreated, IsActive) VALUES (5, N'Jak wa¿ne s¹ dla ciebie organiczne lub naturalne produkty?', N'Product Type', TO_TIMESTAMP('2024-04-16T16:26:21.570', 'YYYY-MM-DD"T"HH24:MI:SS.FF3'), 1);
INSERT INTO QuestionDiet (Id, QuestionText, QuestionCategory, DateCreated, IsActive) VALUES (6, N'Czy preferujesz potrawy z okreœlonego regionu œwiata?', N'Region Type Food', TO_TIMESTAMP('2024-04-16T16:26:21.570', 'YYYY-MM-DD"T"HH24:MI:SS.FF3'), 1);
INSERT INTO QuestionDiet (Id, QuestionText, QuestionCategory, DateCreated, IsActive) VALUES (7, N'Czy wykluczasz jakieœ produkty ze swojej diety?', N'Excluded Products', TO_TIMESTAMP('2024-04-16T16:26:21.570', 'YYYY-MM-DD"T"HH24:MI:SS.FF3'), 1);
INSERT INTO QuestionDiet (Id, QuestionText, QuestionCategory, DateCreated, IsActive) VALUES (9, N'Czy gotujesz w domu?', N'Cooking', TO_TIMESTAMP('2024-04-16T16:26:21.570', 'YYYY-MM-DD"T"HH24:MI:SS.FF3'), 1);
INSERT INTO QuestionDiet (Id, QuestionText, QuestionCategory, DateCreated, IsActive) VALUES (10, N'Jak czêsto spo¿ywasz posi³ki?', N'Frequency', TO_TIMESTAMP('2024-04-16T16:26:21.570', 'YYYY-MM-DD"T"HH24:MI:SS.FF3'), 1);
INSERT INTO QuestionDiet (Id, QuestionText, QuestionCategory, DateCreated, IsActive) VALUES (11, N'Jak du¿e s¹ zazwyczaj Twoje porcje posi³ków?', N'Size', TO_TIMESTAMP('2024-04-16T16:26:21.570', 'YYYY-MM-DD"T"HH24:MI:SS.FF3'), 1);
INSERT INTO QuestionDiet (Id, QuestionText, QuestionCategory, DateCreated, IsActive) VALUES (12, N'Wed³ug kalkulatora, ile wynosi twoje zapotrzebowanie kaloryczne?', N'Calories', TO_TIMESTAMP('2024-04-16T17:20:00.353', 'YYYY-MM-DD"T"HH24:MI:SS.FF3'), 1);

INSERT INTO QuestionExercises (Id, QuestionText, QuestionCategory, DateCreated, IsActive) VALUES (1, N'Jak oceniasz swój obecny poziom aktywnoœci fizycznej?', N'Activity rating', TO_TIMESTAMP('2024-04-11T17:26:01.120', 'YYYY-MM-DD"T"HH24:MI:SS.FF3'), 1);
INSERT INTO QuestionExercises (Id, QuestionText, QuestionCategory, DateCreated, IsActive) VALUES (2, N'Ile razy w tygodniu jesteœ w stanie poœwiêciæ czas na æwiczenia?', N'Availability', TO_TIMESTAMP('2024-04-11T17:26:01.120', 'YYYY-MM-DD"T"HH24:MI:SS.FF3'), 1);
INSERT INTO QuestionExercises (Id, QuestionText, QuestionCategory, DateCreated, IsActive) VALUES (3, N'Jakie s¹ Twoje g³ówne cele odchudzania?', N'Goals', TO_TIMESTAMP('2024-04-11T17:26:01.120', 'YYYY-MM-DD"T"HH24:MI:SS.FF3'), 1);
INSERT INTO QuestionExercises (Id, QuestionText, QuestionCategory, DateCreated, IsActive) VALUES (4, N'Czy masz jakieœ doœwiadczenie z æwiczeniami fizycznymi?', N'DifficultyLevel', TO_TIMESTAMP('2024-04-11T17:26:01.120', 'YYYY-MM-DD"T"HH24:MI:SS.FF3'), 1);
INSERT INTO QuestionExercises (Id, QuestionText, QuestionCategory, DateCreated, IsActive) VALUES (5, N'Jakiego rodzaju intenstywnoœci wolisz treningi?', N'IntensityLevel', TO_TIMESTAMP('2024-04-11T17:26:01.120', 'YYYY-MM-DD"T"HH24:MI:SS.FF3'), 1);
INSERT INTO QuestionExercises (Id, QuestionText, QuestionCategory, DateCreated, IsActive) VALUES (6, N'W jakich miejscach preferujesz æwiczyæ?', N'Location', TO_TIMESTAMP('2024-04-11T17:26:01.120', 'YYYY-MM-DD"T"HH24:MI:SS.FF3'), 1);
INSERT INTO QuestionExercises (Id, QuestionText, QuestionCategory, DateCreated, IsActive) VALUES (7, N'Ile czasu dziennie mo¿esz poœwiêciæ na æwiczenia?', N'DurationMinutes', TO_TIMESTAMP('2024-04-11T17:26:01.120', 'YYYY-MM-DD"T"HH24:MI:SS.FF3'), 1);

INSERT INTO PossibleAnswersDiet (Id, QuestionId, AnswerOption, AnswerText) VALUES (1, 1, N'A', N'Utrata Wagi');
INSERT INTO PossibleAnswersDiet (Id, QuestionId, AnswerOption, AnswerText) VALUES (2, 1, N'B', N'Poprawa samopoczucia');
INSERT INTO PossibleAnswersDiet (Id, QuestionId, AnswerOption, AnswerText) VALUES (3, 1, N'C', N'Utrzymanie zdrowia');
INSERT INTO PossibleAnswersDiet (Id, QuestionId, AnswerOption, AnswerText) VALUES (4, 1, N'D', N'Utrzymanie wagi');
INSERT INTO PossibleAnswersDiet (Id, QuestionId, AnswerOption, AnswerText) VALUES (5, 2, N'A', N'Gluten');
INSERT INTO PossibleAnswersDiet (Id, QuestionId, AnswerOption, AnswerText) VALUES (6, 2, N'B', N'Laktoza');
INSERT INTO PossibleAnswersDiet (Id, QuestionId, AnswerOption, AnswerText) VALUES (7, 2, N'C', N'Orzechy');
INSERT INTO PossibleAnswersDiet (Id, QuestionId, AnswerOption, AnswerText) VALUES (8, 2, N'D', N'Nie mam');
INSERT INTO PossibleAnswersDiet (Id, QuestionId, AnswerOption, AnswerText) VALUES (9, 3, N'A', N'Wegetariañska');
INSERT INTO PossibleAnswersDiet (Id, QuestionId, AnswerOption, AnswerText) VALUES (10, 3, N'B', N'Wegañska');
INSERT INTO PossibleAnswersDiet (Id, QuestionId, AnswerOption, AnswerText) VALUES (11, 3, N'C', N'Bezglutenowa');
INSERT INTO PossibleAnswersDiet (Id, QuestionId, AnswerOption, AnswerText) VALUES (12, 3, N'D', N'Keto');
INSERT INTO PossibleAnswersDiet (Id, QuestionId, AnswerOption, AnswerText) VALUES (13, 3, N'E', N'Brak preferencji');
INSERT INTO PossibleAnswersDiet (Id, QuestionId, AnswerOption, AnswerText) VALUES (14, 4, N'A', N'Miêso');
INSERT INTO PossibleAnswersDiet (Id, QuestionId, AnswerOption, AnswerText) VALUES (15, 4, N'B', N'Ryby');
INSERT INTO PossibleAnswersDiet (Id, QuestionId, AnswerOption, AnswerText) VALUES (16, 4, N'C', N'Warzywa');
INSERT INTO PossibleAnswersDiet (Id, QuestionId, AnswerOption, AnswerText) VALUES (17, 4, N'D', N'Owoce');
INSERT INTO PossibleAnswersDiet (Id, QuestionId, AnswerOption, AnswerText) VALUES (18, 4, N'E', N'Produkty zbo¿owe');
INSERT INTO PossibleAnswersDiet (Id, QuestionId, AnswerOption, AnswerText) VALUES (19, 4, N'F', N'Brak preferencji');
INSERT INTO PossibleAnswersDiet (Id, QuestionId, AnswerOption, AnswerText) VALUES (20, 5, N'A', N'Istotne');
INSERT INTO PossibleAnswersDiet (Id, QuestionId, AnswerOption, AnswerText) VALUES (21, 5, N'B', N'Nie istotne');
INSERT INTO PossibleAnswersDiet (Id, QuestionId, AnswerOption, AnswerText) VALUES (22, 6, N'A', N'Kuchnia azjatycka');
INSERT INTO PossibleAnswersDiet (Id, QuestionId, AnswerOption, AnswerText) VALUES (23, 6, N'B', N'Kuchnia œródziemnomorska');
INSERT INTO PossibleAnswersDiet (Id, QuestionId, AnswerOption, AnswerText) VALUES (24, 6, N'C', N'Kuchnia amerykañska');
INSERT INTO PossibleAnswersDiet (Id, QuestionId, AnswerOption, AnswerText) VALUES (25, 6, N'D', N'Brak preferencji');
INSERT INTO PossibleAnswersDiet (Id, QuestionId, AnswerOption, AnswerText) VALUES (26, 7, N'A', N'Czerwone miêso');
INSERT INTO PossibleAnswersDiet (Id, QuestionId, AnswerOption, AnswerText) VALUES (27, 7, N'B', N'Produkty mleczne');
INSERT INTO PossibleAnswersDiet (Id, QuestionId, AnswerOption, AnswerText) VALUES (28, 7, N'C', N'Cukry proste');
INSERT INTO PossibleAnswersDiet (Id, QuestionId, AnswerOption, AnswerText) VALUES (29, 7, N'D', N'Sma¿one potrawy');
INSERT INTO PossibleAnswersDiet (Id, QuestionId, AnswerOption, AnswerText) VALUES (30, 7, N'E', N'Nie wykluczam niczego');
INSERT INTO PossibleAnswersDiet (Id, QuestionId, AnswerOption, AnswerText) VALUES (31, 9, N'A', N'Codziennie');
INSERT INTO PossibleAnswersDiet (Id, QuestionId, AnswerOption, AnswerText) VALUES (32, 9, N'B', N'Kilka razy w tygodniu');
INSERT INTO PossibleAnswersDiet (Id, QuestionId, AnswerOption, AnswerText) VALUES (33, 9, N'C', N'Rzadko');
INSERT INTO PossibleAnswersDiet (Id, QuestionId, AnswerOption, AnswerText) VALUES (34, 9, N'C', N'Nigdy');
INSERT INTO PossibleAnswersDiet (Id, QuestionId, AnswerOption, AnswerText) VALUES (35, 10, N'A', N'1-2 razy dziennie');
INSERT INTO PossibleAnswersDiet (Id, QuestionId, AnswerOption, AnswerText) VALUES (36, 10, N'B', N'3 razy dziennie');
INSERT INTO PossibleAnswersDiet (Id, QuestionId, AnswerOption, AnswerText) VALUES (37, 10, N'C', N'Wiêcej ni¿ 3 razy dziennie');
INSERT INTO PossibleAnswersDiet (Id, QuestionId, AnswerOption, AnswerText) VALUES (38, 11, N'A', N'Ma³e');
INSERT INTO PossibleAnswersDiet (Id, QuestionId, AnswerOption, AnswerText) VALUES (39, 11, N'B', N'Œrednie');
INSERT INTO PossibleAnswersDiet (Id, QuestionId, AnswerOption, AnswerText) VALUES (40, 11, N'C', N'Du¿e');
INSERT INTO PossibleAnswersDiet (Id, QuestionId, AnswerOption, AnswerText) VALUES (41, 1, N'E', N'Mix celów');

INSERT INTO PossibleAnswersExercises (Id, QuestionId, AnswerOption, AnswerText) VALUES (1, 1, N'A', N'Bardzo niski - prawie w ogóle nie æwiczê');
INSERT INTO PossibleAnswersExercises (Id, QuestionId, AnswerOption, AnswerText) VALUES (2, 1, N'B', N'Niski - czasami chodzê na spacery');
INSERT INTO PossibleAnswersExercises (Id, QuestionId, AnswerOption, AnswerText) VALUES (3, 1, N'C', N'Œredni - regularnie æwiczê kilka razy w tygodniu');
INSERT INTO PossibleAnswersExercises (Id, QuestionId, AnswerOption, AnswerText) VALUES (4, 1, N'D', N'Wysoki - æwiczê codziennie');
INSERT INTO PossibleAnswersExercises (Id, QuestionId, AnswerOption, AnswerText) VALUES (5, 2, N'A', N'1-2 razy w tygodniu');
INSERT INTO PossibleAnswersExercises (Id, QuestionId, AnswerOption, AnswerText) VALUES (6, 2, N'B', N'3-4 razy w tygodniu');
INSERT INTO PossibleAnswersExercises (Id, QuestionId, AnswerOption, AnswerText) VALUES (7, 2, N'C', N'5-6 razy w tygodniu');
INSERT INTO PossibleAnswersExercises (Id, QuestionId, AnswerOption, AnswerText) VALUES (8, 2, N'D', N'Codziennie');
INSERT INTO PossibleAnswersExercises (Id, QuestionId, AnswerOption, AnswerText) VALUES (9, 3, N'A', N'Utrata wagi');
INSERT INTO PossibleAnswersExercises (Id, QuestionId, AnswerOption, AnswerText) VALUES (10, 3, N'B', N'Poprawa kondycji fizycznej');
INSERT INTO PossibleAnswersExercises (Id, QuestionId, AnswerOption, AnswerText) VALUES (11, 3, N'C', N'Poprawa samopoczucia');
INSERT INTO PossibleAnswersExercises (Id, QuestionId, AnswerOption, AnswerText) VALUES (12, 4, N'A', N'Nie, jestem pocz¹tkuj¹cy');
INSERT INTO PossibleAnswersExercises (Id, QuestionId, AnswerOption, AnswerText) VALUES (13, 4, N'B', N'Tak, ale tylko podstawowe');
INSERT INTO PossibleAnswersExercises (Id, QuestionId, AnswerOption, AnswerText) VALUES (14, 4, N'C', N'Tak, regularnie æwiczê');
INSERT INTO PossibleAnswersExercises (Id, QuestionId, AnswerOption, AnswerText) VALUES (15, 5, N'A', N'Intensywne');
INSERT INTO PossibleAnswersExercises (Id, QuestionId, AnswerOption, AnswerText) VALUES (16, 5, N'B', N'Mniej intensywne');
INSERT INTO PossibleAnswersExercises (Id, QuestionId, AnswerOption, AnswerText) VALUES (17, 5, N'C', N'Ma³o wyczerpuj¹ce');
INSERT INTO PossibleAnswersExercises (Id, QuestionId, AnswerOption, AnswerText) VALUES (18, 5, N'D', N'Ró¿norodnoœæ - mix typów');
INSERT INTO PossibleAnswersExercises (Id, QuestionId, AnswerOption, AnswerText) VALUES (19, 6, N'A', N'W domu/si³owni');
INSERT INTO PossibleAnswersExercises (Id, QuestionId, AnswerOption, AnswerText) VALUES (20, 6, N'B', N'Na œwie¿ym powietrzu');
INSERT INTO PossibleAnswersExercises (Id, QuestionId, AnswerOption, AnswerText) VALUES (21, 7, N'A', N'Mniej ni¿ 15 minut');
INSERT INTO PossibleAnswersExercises (Id, QuestionId, AnswerOption, AnswerText) VALUES (22, 7, N'B', N'15-30 minut');
INSERT INTO PossibleAnswersExercises (Id, QuestionId, AnswerOption, AnswerText) VALUES (23, 7, N'C', N'Oko³o godziny');
INSERT INTO PossibleAnswersExercises (Id, QuestionId, AnswerOption, AnswerText) VALUES (24, 3, N'D', N'Mix celów');

INSERT INTO Price (Id, PriceDate, Price, Message, UserName) VALUES (1, TO_TIMESTAMP('2024-03-13T10:46:05.427', 'YYYY-MM-DD"T"HH24:MI:SS.FF3'), 19.99, N'U¿ytkownik test@wp.pl podarowa³ 19,99 z³ na nasz¹ aplikacjê.', N'test@wp.pl');
INSERT INTO Price (Id, PriceDate, Price, Message, UserName) VALUES (2, TO_TIMESTAMP('2024-03-13T10:46:52.193', 'YYYY-MM-DD"T"HH24:MI:SS.FF3'), 19.99 , N'U¿ytkownik test@wp.pl podarowa³ 19,99 z³ na nasz¹ aplikacjê.', N'test@wp.pl');
INSERT INTO Price (Id, PriceDate, Price, Message, UserName) VALUES (3, TO_TIMESTAMP('2024-03-13T10:47:42.740', 'YYYY-MM-DD"T"HH24:MI:SS.FF3'), 19.99, N'U¿ytkownik test@wp.pl podarowa³ 19,99 z³ na nasz¹ aplikacjê.', N'test@wp.pl');
INSERT INTO Price (Id, PriceDate, Price, Message, UserName) VALUES (4, TO_TIMESTAMP('2024-03-13T10:50:18.540', 'YYYY-MM-DD"T"HH24:MI:SS.FF3'), 19.99, N'U¿ytkownik test@wp.pl podarowa³ 19,99 z³ na nasz¹ aplikacjê.', N'test@wp.pl');
INSERT INTO Price (Id, PriceDate, Price, Message, UserName) VALUES (5, TO_TIMESTAMP('2024-03-13T10:53:11.967', 'YYYY-MM-DD"T"HH24:MI:SS.FF3'), 19.99, N'U¿ytkownik test@wp.pl podarowa³ 19,99 z³ na nasz¹ aplikacjê.', N'test@wp.pl');
INSERT INTO Price (Id, PriceDate, Price, Message, UserName) VALUES (6, TO_TIMESTAMP('2024-03-13T10:53:46.953', 'YYYY-MM-DD"T"HH24:MI:SS.FF3'), 19.99, N'U¿ytkownik test@wp.pl podarowa³ 19,99 z³ na nasz¹ aplikacjê.', N'test@wp.pl');
INSERT INTO Price (Id, PriceDate, Price, Message, UserName) VALUES (7, TO_TIMESTAMP('2024-03-13T10:59:20.403', 'YYYY-MM-DD"T"HH24:MI:SS.FF3'), 19.99, N'U¿ytkownik  podarowa³ 19,99 z³ na nasz¹ aplikacjê.', N'');
INSERT INTO Price (Id, PriceDate, Price, Message, UserName) VALUES (8, TO_TIMESTAMP('2024-03-13T23:26:35.450', 'YYYY-MM-DD"T"HH24:MI:SS.FF3'), 19.99, N'U¿ytkownik untus1@wp.pl podarowa³ 19,99 z³ na nasz¹ aplikacjê.', N'untus1@wp.pl');

INSERT INTO Recipes (Id, MealId, RecipeText) VALUES (1, 1, N'1. Wymieszaj p³atki owsiane z mlekiem lub wod¹ i gotuj na œrednim ogniu. 2. Dodaj szczyptê soli i miód do smaku. 3. Posyp gotow¹ owsiankê orzechami.');
INSERT INTO Recipes (Id, MealId, RecipeText) VALUES (2, 2, N'1. Wymieszaj p³atki owsiane z mlekiem lub wod¹ i gotuj na œrednim ogniu. 2. Dodaj szczyptê soli i miód do smaku. 3. Posyp gotow¹ owsiankê orzechami.');
INSERT INTO Recipes (Id, MealId, RecipeText) VALUES (3, 3, N'1. W³ó¿ wszystkie warzywa i owoce do blendera. 2. Dodaj trochê wody lub mleka roœlinnego, aby u³atwiæ miksowanie. 3. Mieszaj do uzyskania g³adkiej konsystencji.');
INSERT INTO Recipes (Id, MealId, RecipeText) VALUES (4, 4, N'1. W³ó¿ wszystkie warzywa i owoce do blendera. 2. Dodaj trochê wody lub mleka roœlinnego, aby u³atwiæ miksowanie. 3. Mieszaj do uzyskania g³adkiej konsystencji.');
INSERT INTO Recipes (Id, MealId, RecipeText) VALUES (5, 5, N'1. Rozgrzej patelniê z odrobin¹ oleju. 2. Dodaj pokruszone tofu i sma¿ przez kilka minut. 3. Dodaj ulubione warzywa i przyprawy, sma¿ do miêkkoœci.');
INSERT INTO Recipes (Id, MealId, RecipeText) VALUES (6, 6, N'1. Rozgrzej patelniê z odrobin¹ oleju. 2. Dodaj pokruszone tofu i sma¿ przez kilka minut. 3. Dodaj ulubione warzywa i przyprawy, sma¿ do miêkkoœci.');
INSERT INTO Recipes (Id, MealId, RecipeText) VALUES (7, 7, N'1. Usma¿ boczek na chrupko. 2. Na tej samej patelni usma¿ jajka. 3. Podawaj jajecznice z boczkiem na ciep³o.');
INSERT INTO Recipes (Id, MealId, RecipeText) VALUES (8, 8, N'1. Usma¿ boczek na chrupko. 2. Na tej samej patelni usma¿ jajka. 3. Podawaj jajecznice z boczkiem na ciep³o.');
INSERT INTO Recipes (Id, MealId, RecipeText) VALUES (9, 9, N'1. Usma¿ boczek na chrupko. 2. Na tej samej patelni usma¿ jajka. 3. Podawaj jajecznice z boczkiem na ciep³o.');
INSERT INTO Recipes (Id, MealId, RecipeText) VALUES (10, 10, N'1. Usma¿ boczek na chrupko. 2. Na tej samej patelni usma¿ jajka. 3. Podawaj jajecznice z boczkiem na ciep³o.');
INSERT INTO Recipes (Id, MealId, RecipeText) VALUES (11, 11, N'1. Wymieszaj jogurt z granol¹ i warstwami œwie¿ych owoców. 2. Na wierzch dodaj ³y¿kê miodu lub syropu klonowego.');
INSERT INTO Recipes (Id, MealId, RecipeText) VALUES (12, 12, N'1. Wymieszaj jogurt z granol¹ i warstwami œwie¿ych owoców. 2. Na wierzch dodaj ³y¿kê miodu lub syropu klonowego.');
INSERT INTO Recipes (Id, MealId, RecipeText) VALUES (13, 13, N'1. Wymieszaj jogurt z granol¹ i warstwami œwie¿ych owoców. 2. Na wierzch dodaj ³y¿kê miodu lub syropu klonowego.');
INSERT INTO Recipes (Id, MealId, RecipeText) VALUES (14, 14, N'1. Wymieszaj jogurt z granol¹ i warstwami œwie¿ych owoców. 2. Na wierzch dodaj ³y¿kê miodu lub syropu klonowego.');
INSERT INTO Recipes (Id, MealId, RecipeText) VALUES (15, 15, N'1. Pokrój awokado i rozgnieæ je z sol¹ i pieprzem. 2. Posmaruj chleb past¹ awokadow¹. 3. Na wierzch po³ó¿ usma¿one jajko.');
INSERT INTO Recipes (Id, MealId, RecipeText) VALUES (16, 16, N'1. Pokrój awokado i rozgnieæ je z sol¹ i pieprzem. 2. Posmaruj chleb past¹ awokadow¹. 3. Na wierzch po³ó¿ usma¿one jajko.');
INSERT INTO Recipes (Id, MealId, RecipeText) VALUES (17, 17, N'1. Ugotuj kaszê wed³ug instrukcji na opakowaniu. 2. W osobnym naczyniu usma¿ kurczaka z przyprawami. 3. Dodaj dyniê i ugotowan¹ kaszê, mieszaj do po³¹czenia sk³adników.');
INSERT INTO Recipes (Id, MealId, RecipeText) VALUES (18, 18, N'1. Ugotuj kaszê wed³ug instrukcji na opakowaniu. 2. W osobnym naczyniu usma¿ kurczaka z przyprawami. 3. Dodaj dyniê i ugotowan¹ kaszê, mieszaj do po³¹czenia sk³adników.');
INSERT INTO Recipes (Id, MealId, RecipeText) VALUES (19, 19, N'1. Ugotuj kaszê wed³ug instrukcji na opakowaniu. 2. W osobnym naczyniu usma¿ kurczaka z przyprawami. 3. Dodaj dyniê i ugotowan¹ kaszê, mieszaj do po³¹czenia sk³adników.');
INSERT INTO Recipes (Id, MealId, RecipeText) VALUES (20, 20, N'1. Ugotuj kaszê wed³ug instrukcji na opakowaniu. 2. W osobnym naczyniu usma¿ kurczaka z przyprawami. 3. Dodaj dyniê i ugotowan¹ kaszê, mieszaj do po³¹czenia sk³adników.');
INSERT INTO Recipes (Id, MealId, RecipeText) VALUES (21, 21, N'1. Wymieszaj w misce m¹kê, rozgniecione banany, jajko i mleko. 2. Na patelni rozgrzej odrobinê oleju. 3. Sma¿ pancakes na z³oty kolor z obu stron.');
INSERT INTO Recipes (Id, MealId, RecipeText) VALUES (22, 22, N'1. Wymieszaj w misce m¹kê, rozgniecione banany, jajko i mleko. 2. Na patelni rozgrzej odrobinê oleju. 3. Sma¿ pancakes na z³oty kolor z obu stron.');
INSERT INTO Recipes (Id, MealId, RecipeText) VALUES (23, 23, N'1. Umyj i pokrój owoce. 2. Wymieszaj je z jogurtem naturalnym. 3. Na wierzch mo¿esz dodaæ miód lub niewielk¹ iloœæ orzechów.');
INSERT INTO Recipes (Id, MealId, RecipeText) VALUES (24, 24, N'1. Umyj i pokrój owoce. 2. Wymieszaj je z jogurtem naturalnym. 3. Na wierzch mo¿esz dodaæ miód lub niewielk¹ iloœæ orzechów.');
INSERT INTO Recipes (Id, MealId, RecipeText) VALUES (25, 25, N'1. Umyj i ugotuj quinoa zgodnie z instrukcj¹ na opakowaniu. 2. Grilluj pierœ z kurczaka doprawion¹ ulubionymi zio³ami. 3. Podawaj kurczaka na ³ó¿ku z quinoa z dodatkiem œwie¿ych warzyw.');
INSERT INTO Recipes (Id, MealId, RecipeText) VALUES (26, 26, N'1. Umyj i ugotuj quinoa zgodnie z instrukcj¹ na opakowaniu. 2. Grilluj pierœ z kurczaka doprawion¹ ulubionymi zio³ami. 3. Podawaj kurczaka na ³ó¿ku z quinoa z dodatkiem œwie¿ych warzyw.');
INSERT INTO Recipes (Id, MealId, RecipeText) VALUES (27, 27, N'1. Ugotuj lasagne al dente. 2. Przygotuj sos pomidorowy z dodatkiem œwie¿ych warzyw. 3. Warstwuj lasagne z sosem i piecz w piekarniku przez 25 minut.');
INSERT INTO Recipes (Id, MealId, RecipeText) VALUES (28, 28, N'1. Ugotuj lasagne al dente. 2. Przygotuj sos pomidorowy z dodatkiem œwie¿ych warzyw. 3. Warstwuj lasagne z sosem i piecz w piekarniku przez 25 minut.');
INSERT INTO Recipes (Id, MealId, RecipeText) VALUES (29, 29, N'1. Ugotuj bataty do miêkkoœci, nastêpnie zblenduj na puree. 2. Formuj kotlety i sma¿ na niewielkiej iloœci oleju. 3. Podawaj w bu³ce z dodatkiem œwie¿ych warzyw.');
INSERT INTO Recipes (Id, MealId, RecipeText) VALUES (30, 30, N'1. Ugotuj bataty do miêkkoœci, nastêpnie zblenduj na puree. 2. Formuj kotlety i sma¿ na niewielkiej iloœci oleju. 3. Podawaj w bu³ce z dodatkiem œwie¿ych warzyw.');
INSERT INTO Recipes (Id, MealId, RecipeText) VALUES (31, 31, N'1. Przygotuj makaron ry¿owy. 2. Sma¿ tofu z dodatkiem warzyw i sosu sojowego. 3. Dodaj ugotowany makaron do mieszanki i podgrzej.');
INSERT INTO Recipes (Id, MealId, RecipeText) VALUES (32, 32, N'1. Przygotuj makaron ry¿owy. 2. Sma¿ tofu z dodatkiem warzyw i sosu sojowego. 3. Dodaj ugotowany makaron do mieszanki i podgrzej.');
INSERT INTO Recipes (Id, MealId, RecipeText) VALUES (33, 33, N'1. Grilluj ³ososia z dodatkiem cytryny i zió³. 2. Przygotuj sa³atkê ze œwie¿ych warzyw œródziemnomorskich. 3. Po³¹cz wszystko na talerzu.');
INSERT INTO Recipes (Id, MealId, RecipeText) VALUES (34, 34, N'1. Grilluj ³ososia z dodatkiem cytryny i zió³. 2. Przygotuj sa³atkê ze œwie¿ych warzyw œródziemnomorskich. 3. Po³¹cz wszystko na talerzu.');
INSERT INTO Recipes (Id, MealId, RecipeText) VALUES (35, 35, N'1. Przygotuj stek do sma¿enia na preferowany stopieñ wysma¿enia. 2. Piecz warzywa z oliw¹ i zio³ami. 3. Podawaj stek z warzywami.');
INSERT INTO Recipes (Id, MealId, RecipeText) VALUES (36, 36, N'1. Przygotuj stek do sma¿enia na preferowany stopieñ wysma¿enia. 2. Piecz warzywa z oliw¹ i zio³ami. 3. Podawaj stek z warzywami.');
INSERT INTO Recipes (Id, MealId, RecipeText) VALUES (37, 37, N'1. Ugotuj ciecierzycê z dodatkiem curry i mleczka kokosowego. 2. Podawaj z ry¿em lub naanem.');
INSERT INTO Recipes (Id, MealId, RecipeText) VALUES (38, 38, N'1. Ugotuj ciecierzycê z dodatkiem curry i mleczka kokosowego. 2. Podawaj z ry¿em lub naanem.');
INSERT INTO Recipes (Id, MealId, RecipeText) VALUES (39, 39, N'1. Ugotuj ry¿. 2. Sma¿ pieczarki z cebul¹, dodaj ry¿ i œmietanê. 3. Dopraw sol¹ i pieprzem.');
INSERT INTO Recipes (Id, MealId, RecipeText) VALUES (40, 40, N'1. Ugotuj ry¿. 2. Sma¿ pieczarki z cebul¹, dodaj ry¿ i œmietanê. 3. Dopraw sol¹ i pieprzem.');
INSERT INTO Recipes (Id, MealId, RecipeText) VALUES (41, 41, N'1. Przygotuj ciasto do falafela i formuj kulki. 2. Sma¿ kulki na oleju do zrumienienia. 3. Podawaj w pitach z sosem tzatziki.');
INSERT INTO Recipes (Id, MealId, RecipeText) VALUES (42, 42, N'1. Przygotuj ciasto do falafela i formuj kulki. 2. Sma¿ kulki na oleju do zrumienienia. 3. Podawaj w pitach z sosem tzatziki.');
INSERT INTO Recipes (Id, MealId, RecipeText) VALUES (43, 43, N'1. Ugotuj miêso z fasol¹ i pomidorami. 2. Dopraw chili, sol¹ i pieprzem. 3. Podawaj z ry¿em lub pieczywem.');
INSERT INTO Recipes (Id, MealId, RecipeText) VALUES (44, 44, N'1. Ugotuj miêso z fasol¹ i pomidorami. 2. Dopraw chili, sol¹ i pieprzem. 3. Podawaj z ry¿em lub pieczywem.');
INSERT INTO Recipes (Id, MealId, RecipeText) VALUES (45, 45, N'1. Ugotuj makaron ramen. 2. Przygotuj bulion miso. 3. Dodaj kurczaka i warzywa do bulionu, podawaj z makaronem.');
INSERT INTO Recipes (Id, MealId, RecipeText) VALUES (46, 46, N'1. Ugotuj makaron ramen. 2. Przygotuj bulion miso. 3. Dodaj kurczaka i warzywa do bulionu, podawaj z makaronem.');

INSERT INTO UserAnswersDiet (Id, QuestionId, ChosenAnswerId, DateAnswered, UserName) VALUES (541, 1, 41,  TO_TIMESTAMP('2024-05-08T17:34:35.780', 'YYYY-MM-DD"T"HH24:MI:SS.FF3'), N'test@wp.pl');
INSERT INTO UserAnswersDiet (Id, QuestionId, ChosenAnswerId, DateAnswered, UserName) VALUES (542, 2, 8, TO_TIMESTAMP('2024-05-08T17:34:35.783', 'YYYY-MM-DD"T"HH24:MI:SS.FF3'), N'test@wp.pl');
INSERT INTO UserAnswersDiet (Id, QuestionId, ChosenAnswerId, DateAnswered, UserName) VALUES (543, 3, 13, TO_TIMESTAMP('2024-05-08T17:34:35.787', 'YYYY-MM-DD"T"HH24:MI:SS.FF3'), N'test@wp.pl');
INSERT INTO UserAnswersDiet (Id, QuestionId, ChosenAnswerId, DateAnswered, UserName) VALUES (544, 4, 19, TO_TIMESTAMP('2024-05-08T17:34:35.790', 'YYYY-MM-DD"T"HH24:MI:SS.FF3'), N'test@wp.pl');
INSERT INTO UserAnswersDiet (Id, QuestionId, ChosenAnswerId, DateAnswered, UserName) VALUES (545, 5, 21, TO_TIMESTAMP('2024-05-08T17:34:35.790', 'YYYY-MM-DD"T"HH24:MI:SS.FF3'), N'test@wp.pl');
INSERT INTO UserAnswersDiet (Id, QuestionId, ChosenAnswerId, DateAnswered, UserName) VALUES (546, 6, 25, TO_TIMESTAMP('2024-05-08T17:34:35.793', 'YYYY-MM-DD"T"HH24:MI:SS.FF3'), N'test@wp.pl');
INSERT INTO UserAnswersDiet (Id, QuestionId, ChosenAnswerId, DateAnswered, UserName) VALUES (547, 7, 30, TO_TIMESTAMP('2024-05-08T17:34:35.793', 'YYYY-MM-DD"T"HH24:MI:SS.FF3'), N'test@wp.pl');
INSERT INTO UserAnswersDiet (Id, QuestionId, ChosenAnswerId, DateAnswered, UserName) VALUES (548, 9, 34, TO_TIMESTAMP('2024-05-08T17:34:35.797', 'YYYY-MM-DD"T"HH24:MI:SS.FF3'), N'test@wp.pl');
INSERT INTO UserAnswersDiet (Id, QuestionId, ChosenAnswerId, DateAnswered, UserName) VALUES (549, 10, 36, TO_TIMESTAMP('2024-05-08T17:34:35.800', 'YYYY-MM-DD"T"HH24:MI:SS.FF3'), N'test@wp.pl');
INSERT INTO UserAnswersDiet (Id, QuestionId, ChosenAnswerId, DateAnswered, UserName) VALUES (550, 11, 38, TO_TIMESTAMP('2024-05-08T17:34:35.800', 'YYYY-MM-DD"T"HH24:MI:SS.FF3'), N'test@wp.pl');

INSERT INTO UserAnswersExercises (Id, QuestionId, ChosenAnswerId, DateAnswered, UserName) VALUES (1379, 1, 1, TO_TIMESTAMP('2024-04-22T11:17:41.163', 'YYYY-MM-DD"T"HH24:MI:SS.FF3'), N'untus1@wp.pl');
INSERT INTO UserAnswersExercises (Id, QuestionId, ChosenAnswerId, DateAnswered, UserName) VALUES (1380, 2, 6, TO_TIMESTAMP('2024-04-22T11:17:41.203', 'YYYY-MM-DD"T"HH24:MI:SS.FF3'), N'untus1@wp.pl');
INSERT INTO UserAnswersExercises (Id, QuestionId, ChosenAnswerId, DateAnswered, UserName) VALUES (1381, 3, 11, TO_TIMESTAMP('2024-04-22T11:17:41.207', 'YYYY-MM-DD"T"HH24:MI:SS.FF3'), N'untus1@wp.pl');
INSERT INTO UserAnswersExercises (Id, QuestionId, ChosenAnswerId, DateAnswered, UserName) VALUES (1382, 4, 12, TO_TIMESTAMP('2024-04-22T11:17:41.207', 'YYYY-MM-DD"T"HH24:MI:SS.FF3'), N'untus1@wp.pl');
INSERT INTO UserAnswersExercises (Id, QuestionId, ChosenAnswerId, DateAnswered, UserName) VALUES (1383, 5, 18, TO_TIMESTAMP('2024-04-22T11:17:41.210', 'YYYY-MM-DD"T"HH24:MI:SS.FF3'), N'untus1@wp.pl');
INSERT INTO UserAnswersExercises (Id, QuestionId, ChosenAnswerId, DateAnswered, UserName) VALUES (1384, 6, 20, TO_TIMESTAMP('2024-04-22T11:17:41.213', 'YYYY-MM-DD"T"HH24:MI:SS.FF3'), N'untus1@wp.pl');
INSERT INTO UserAnswersExercises (Id, QuestionId, ChosenAnswerId, DateAnswered, UserName) VALUES (1385, 7, 21, TO_TIMESTAMP('2024-04-22T11:17:41.213', 'YYYY-MM-DD"T"HH24:MI:SS.FF3'), N'untus1@wp.pl');
INSERT INTO UserAnswersExercises (Id, QuestionId, ChosenAnswerId, DateAnswered, UserName) VALUES (1393, 2, 6, TO_TIMESTAMP('2024-05-08T16:34:19.070', 'YYYY-MM-DD"T"HH24:MI:SS.FF3'), N'test@wp.pl');
INSERT INTO UserAnswersExercises (Id, QuestionId, ChosenAnswerId, DateAnswered, UserName) VALUES (1394, 1, 2, TO_TIMESTAMP('2024-05-08T16:34:19.073', 'YYYY-MM-DD"T"HH24:MI:SS.FF3'), N'test@wp.pl');
INSERT INTO UserAnswersExercises (Id, QuestionId, ChosenAnswerId, DateAnswered, UserName) VALUES (1395, 3, 24, TO_TIMESTAMP('2024-05-08T16:34:19.077', 'YYYY-MM-DD"T"HH24:MI:SS.FF3'), N'test@wp.pl');
INSERT INTO UserAnswersExercises (Id, QuestionId, ChosenAnswerId, DateAnswered, UserName) VALUES (1396, 4, 13, TO_TIMESTAMP('2024-05-08T16:34:19.077', 'YYYY-MM-DD"T"HH24:MI:SS.FF3'), N'test@wp.pl');
INSERT INTO UserAnswersExercises (Id, QuestionId, ChosenAnswerId, DateAnswered, UserName) VALUES (1397, 5, 15, TO_TIMESTAMP('2024-05-08T16:34:19.080', 'YYYY-MM-DD"T"HH24:MI:SS.FF3'), N'test@wp.pl');
INSERT INTO UserAnswersExercises (Id, QuestionId, ChosenAnswerId, DateAnswered, UserName) VALUES (1398, 6, 19, TO_TIMESTAMP('2024-05-08T16:34:19.080', 'YYYY-MM-DD"T"HH24:MI:SS.FF3'), N'test@wp.pl');
INSERT INTO UserAnswersExercises (Id, QuestionId, ChosenAnswerId, DateAnswered, UserName) VALUES (1399, 7, 21, TO_TIMESTAMP('2024-05-08T16:34:19.083', 'YYYY-MM-DD"T"HH24:MI:SS.FF3'), N'test@wp.pl');

INSERT INTO UserCaloriesNeeded (Id, NewCaloriesDate, CaloriesNeededResult, UserName) VALUES (9, TO_TIMESTAMP('2024-04-04T10:31:04.053', 'YYYY-MM-DD"T"HH24:MI:SS.FF3'), 1500.00, N'testt@wp.pl');
INSERT INTO UserCaloriesNeeded (Id, NewCaloriesDate, CaloriesNeededResult, UserName) VALUES (1009, TO_TIMESTAMP('2024-04-28T13:27:30.583', 'YYYY-MM-DD"T"HH24:MI:SS.FF3'), 1000.00, N'untus1@wp.pl');

INSERT INTO UserCaloriesResult (Id, NewCaloriesDate, ProductId, Calories, UserName) VALUES (1, TO_TIMESTAMP('2024-03-25T13:02:21.643', 'YYYY-MM-DD"T"HH24:MI:SS.FF3'), 3, 132.00, N'untus1@wp.pl');
INSERT INTO UserCaloriesResult (Id, NewCaloriesDate, ProductId, Calories, UserName) VALUES (2, TO_TIMESTAMP('2024-03-25T13:02:47.277', 'YYYY-MM-DD"T"HH24:MI:SS.FF3'), 3, 165.00, N'untus1@wp.pl');
INSERT INTO UserCaloriesResult (Id, NewCaloriesDate, ProductId, Calories, UserName) VALUES (3, TO_TIMESTAMP('2024-03-25T13:08:55.083', 'YYYY-MM-DD"T"HH24:MI:SS.FF3'), 3, 148.50, N'untus1@wp.pl');
INSERT INTO UserCaloriesResult (Id, NewCaloriesDate, ProductId, Calories, UserName) VALUES (9, TO_TIMESTAMP('2024-03-25T15:53:02.947', 'YYYY-MM-DD"T"HH24:MI:SS.FF3'), 2, 74.10, N'test@wp.pl');
INSERT INTO UserCaloriesResult (Id, NewCaloriesDate, ProductId, Calories, UserName) VALUES (15, TO_TIMESTAMP('2024-03-26T15:26:23.727', 'YYYY-MM-DD"T"HH24:MI:SS.FF3'), 3, 33.00, N'test@wp.pl');
INSERT INTO UserCaloriesResult (Id, NewCaloriesDate, ProductId, Calories, UserName) VALUES (16, TO_TIMESTAMP('2024-03-26T16:27:27.040', 'YYYY-MM-DD"T"HH24:MI:SS.FF3'), 20, 38.00, N'test@wp.pl');
INSERT INTO UserCaloriesResult (Id, NewCaloriesDate, ProductId, Calories, UserName) VALUES (23, TO_TIMESTAMP('2024-03-26T17:03:14.057', 'YYYY-MM-DD"T"HH24:MI:SS.FF3'), 5, 86.80, N'untus1@wp.pl');
INSERT INTO UserCaloriesResult (Id, NewCaloriesDate, ProductId, Calories, UserName) VALUES (24, TO_TIMESTAMP('2024-03-27T16:29:13.670', 'YYYY-MM-DD"T"HH24:MI:SS.FF3'), 14, 416.00, N'untus1@wp.pl');
INSERT INTO UserCaloriesResult (Id, NewCaloriesDate, ProductId, Calories, UserName) VALUES (25, TO_TIMESTAMP('2024-03-27T16:30:36.150', 'YYYY-MM-DD"T"HH24:MI:SS.FF3'), 26, 508.00, N'untus1@wp.pl');
INSERT INTO UserCaloriesResult (Id, NewCaloriesDate, ProductId, Calories, UserName) VALUES (26, TO_TIMESTAMP('2024-03-27T16:30:52.423', 'YYYY-MM-DD"T"HH24:MI:SS.FF3'), 15, 654.00, N'untus1@wp.pl');
INSERT INTO UserCaloriesResult (Id, NewCaloriesDate, ProductId, Calories, UserName) VALUES (27, TO_TIMESTAMP('2024-03-28T15:10:38.207', 'YYYY-MM-DD"T"HH24:MI:SS.FF3'), 10, 89.00, N'untus1@wp.pl');
INSERT INTO UserCaloriesResult (Id, NewCaloriesDate, ProductId, Calories, UserName) VALUES (28, TO_TIMESTAMP('2024-04-03T22:44:48.537', 'YYYY-MM-DD"T"HH24:MI:SS.FF3'), 17, 2730.00, N'untus1@wp.pl');
INSERT INTO UserCaloriesResult (Id, NewCaloriesDate, ProductId, Calories, UserName) VALUES (29, TO_TIMESTAMP('2024-04-04T10:30:31.243', 'YYYY-MM-DD"T"HH24:MI:SS.FF3'), 15, 1962.00, N'testy@wp.pl');
INSERT INTO UserCaloriesResult (Id, NewCaloriesDate, ProductId, Calories, UserName) VALUES (1028, TO_TIMESTAMP('2024-04-07T12:54:10.820', 'YYYY-MM-DD"T"HH24:MI:SS.FF3'), 10, 445.00, N'testy@wp.pl');
INSERT INTO UserCaloriesResult (Id, NewCaloriesDate, ProductId, Calories, UserName) VALUES (1029, TO_TIMESTAMP('2024-04-08T16:59:21.330', 'YYYY-MM-DD"T"HH24:MI:SS.FF3'), 3, 165.00, N'testy@wp.pl');
INSERT INTO UserCaloriesResult (Id, NewCaloriesDate, ProductId, Calories, UserName) VALUES (1030, TO_TIMESTAMP('2024-04-08T16:59:24.570', 'YYYY-MM-DD"T"HH24:MI:SS.FF3'), 13, 34.00, N'testy@wp.pl');
INSERT INTO UserCaloriesResult (Id, NewCaloriesDate, ProductId, Calories, UserName) VALUES (1031, TO_TIMESTAMP('2024-04-08T16:59:27.067', 'YYYY-MM-DD"T"HH24:MI:SS.FF3'), 10, 89.00, N'testy@wp.pl');
INSERT INTO UserCaloriesResult (Id, NewCaloriesDate, ProductId, Calories, UserName) VALUES (1032, TO_TIMESTAMP('2024-04-08T16:59:30.673', 'YYYY-MM-DD"T"HH24:MI:SS.FF3'), 41, 364.00, N'testy@wp.pl');
INSERT INTO UserCaloriesResult (Id, NewCaloriesDate, ProductId, Calories, UserName) VALUES (1034, TO_TIMESTAMP('2024-04-28T13:40:21.343', 'YYYY-MM-DD"T"HH24:MI:SS.FF3'), 3, 19.80, N'untus1@wp.pl');
INSERT INTO UserCaloriesResult (Id, NewCaloriesDate, ProductId, Calories, UserName) VALUES (1035, TO_TIMESTAMP('2024-05-08T16:29:19.763', 'YYYY-MM-DD"T"HH24:MI:SS.FF3'), 7, 720.00, N'testy@wp.pl');

INSERT INTO UserChatMessages (Id, MessageText, MessageTextDate, UserName) VALUES (8, N'"Czeœæ wszystkim! Czy ma ktoœ doœwiadczenie z diet¹ ketogeniczn¹? Chcia³bym spróbowaæ, ale nie wiem od czego zacz¹æ."', TO_TIMESTAMP('2024-04-28T15:42:47.003', 'YYYY-MM-DD"T"HH24:MI:SS.FF3'), N'untus1@wp.pl');
INSERT INTO UserChatMessages (Id, MessageText, MessageTextDate, UserName) VALUES (9, N'Jakie æwiczenia polecacie dla pocz¹tkuj¹cych w si³owni?', TO_TIMESTAMP('2024-04-28T15:44:33.483', 'YYYY-MM-DD"T"HH24:MI:SS.FF3'), N'd_garncarek@wp.pl');
INSERT INTO UserChatMessages (Id, MessageText, MessageTextDate, UserName) VALUES (10, N'Czy ktoœ mo¿e poleciæ dobry sposób na zwiêkszenie liczby kroków w ci¹gu dnia?', TO_TIMESTAMP('2024-04-28T15:44:45.373', 'YYYY-MM-DD"T"HH24:MI:SS.FF3'), N'd_garncarek@wp.pl');
INSERT INTO UserChatMessages (Id, MessageText, MessageTextDate, UserName) VALUES (11, N'Jak czêsto powinienem zmieniaæ plan treningowy?', TO_TIMESTAMP('2024-04-28T15:45:32.770', 'YYYY-MM-DD"T"HH24:MI:SS.FF3'), N'emil123@gmail.com');
INSERT INTO UserChatMessages (Id, MessageText, MessageTextDate, UserName) VALUES (12, N'Czy intermittent fasting jest bezpieczny dla ka¿dego? Ma ktoœ osobiste doœwiadczenia?', TO_TIMESTAMP('2024-04-28T15:45:42.187', 'YYYY-MM-DD"T"HH24:MI:SS.FF3'), N'emil123@gmail.com');
INSERT INTO UserChatMessages (Id, MessageText, MessageTextDate, UserName) VALUES (13, N'Hej! Zacz¹³em dietê keto dwa miesi¹ce temu i czujê siê œwietnie. Polecam zacz¹æ od usuniêcia wszystkich wêglowodanów prostych z diety.', TO_TIMESTAMP('2024-04-28T15:46:00.613', 'YYYY-MM-DD"T"HH24:MI:SS.FF3'), N'emil123@gmail.com');
INSERT INTO UserChatMessages (Id, MessageText, MessageTextDate, UserName) VALUES (14, N'Pamiêtaj, aby zawsze robiæ rozgrzewkê przed treningiem si³owym, to naprawdê pomaga w unikniêciu kontuzji.', TO_TIMESTAMP('2024-04-28T15:46:18.517', 'YYYY-MM-DD"T"HH24:MI:SS.FF3'), N'untus1@wp.pl');
INSERT INTO UserChatMessages (Id, MessageText, MessageTextDate, UserName) VALUES (15, N'Nie zapominajcie o nawadnianiu! Pijcie wodê przed, w trakcie i po treningu.', TO_TIMESTAMP('2024-04-28T15:46:25.773', 'YYYY-MM-DD"T"HH24:MI:SS.FF3'), N'untus1@wp.pl');
INSERT INTO UserChatMessages (Id, MessageText, MessageTextDate, UserName) VALUES (16, N'Aby zwiêkszyæ liczbê kroków, staram siê chodziæ na krótkie spacery podczas przerw w pracy. Ka¿de 500 kroków siê liczy!', TO_TIMESTAMP('2024-04-28T15:46:51.160', 'YYYY-MM-DD"T"HH24:MI:SS.FF3'), N'd_garncarek@wp.pl');

INSERT INTO UserExerciseSets (Id, UserName, ExerciseSetId, DateAssigned, TrainingDay) VALUES (2796, N'untus1@wp.pl', 26, TO_TIMESTAMP('2024-04-22T11:17:41.260', 'YYYY-MM-DD"T"HH24:MI:SS.FF3'), 1);
INSERT INTO UserExerciseSets (Id, UserName, ExerciseSetId, DateAssigned, TrainingDay) VALUES (2798, N'untus1@wp.pl', 26, TO_TIMESTAMP('2024-04-22T11:17:41.267', 'YYYY-MM-DD"T"HH24:MI:SS.FF3'), 1);
INSERT INTO UserExerciseSets (Id, UserName, ExerciseSetId, DateAssigned, TrainingDay) VALUES (2799, N'untus1@wp.pl', 26, TO_TIMESTAMP('2024-04-22T11:17:41.267', 'YYYY-MM-DD"T"HH24:MI:SS.FF3'), 2);
INSERT INTO UserExerciseSets (Id, UserName, ExerciseSetId, DateAssigned, TrainingDay) VALUES (2800, N'untus1@wp.pl', 26, TO_TIMESTAMP('2024-04-22T11:17:41.267', 'YYYY-MM-DD"T"HH24:MI:SS.FF3'), 2);
INSERT INTO UserExerciseSets (Id, UserName, ExerciseSetId, DateAssigned, TrainingDay) VALUES (2801, N'untus1@wp.pl', 26, TO_TIMESTAMP('2024-04-22T11:17:41.267', 'YYYY-MM-DD"T"HH24:MI:SS.FF3'), 2);
INSERT INTO UserExerciseSets (Id, UserName, ExerciseSetId, DateAssigned, TrainingDay) VALUES (2802, N'untus1@wp.pl', 26, TO_TIMESTAMP('2024-04-22T11:17:41.267', 'YYYY-MM-DD"T"HH24:MI:SS.FF3'), 3);
INSERT INTO UserExerciseSets (Id, UserName, ExerciseSetId, DateAssigned, TrainingDay) VALUES (2803, N'untus1@wp.pl', 26, TO_TIMESTAMP('2024-04-22T11:17:41.267', 'YYYY-MM-DD"T"HH24:MI:SS.FF3'), 3);
INSERT INTO UserExerciseSets (Id, UserName, ExerciseSetId, DateAssigned, TrainingDay) VALUES (2804, N'untus1@wp.pl', 26, TO_TIMESTAMP('2024-04-22T11:17:41.267', 'YYYY-MM-DD"T"HH24:MI:SS.FF3'), 3);
INSERT INTO UserExerciseSets (Id, UserName, ExerciseSetId, DateAssigned, TrainingDay) VALUES (2805, N'untus1@wp.pl', 26, TO_TIMESTAMP('2024-04-22T11:17:41.267', 'YYYY-MM-DD"T"HH24:MI:SS.FF3'), 4);
INSERT INTO UserExerciseSets (Id, UserName, ExerciseSetId, DateAssigned, TrainingDay) VALUES (2806, N'untus1@wp.pl', 26, TO_TIMESTAMP('2024-04-22T11:17:41.267', 'YYYY-MM-DD"T"HH24:MI:SS.FF3'), 4);
INSERT INTO UserExerciseSets (Id, UserName, ExerciseSetId, DateAssigned, TrainingDay) VALUES (2807, N'untus1@wp.pl', 26, TO_TIMESTAMP('2024-04-22T11:17:41.267', 'YYYY-MM-DD"T"HH24:MI:SS.FF3'), 4);
INSERT INTO UserExerciseSets (Id, UserName, ExerciseSetId, DateAssigned, TrainingDay) VALUES (2844, N'test@wp.pl', 116, TO_TIMESTAMP('2024-05-08T16:34:19.090', 'YYYY-MM-DD"T"HH24:MI:SS.FF3'), 1);
INSERT INTO UserExerciseSets (Id, UserName, ExerciseSetId, DateAssigned, TrainingDay) VALUES (2845, N'test@wp.pl', 20, TO_TIMESTAMP('2024-05-08T16:34:19.090', 'YYYY-MM-DD"T"HH24:MI:SS.FF3'), 1);
INSERT INTO UserExerciseSets (Id, UserName, ExerciseSetId, DateAssigned, TrainingDay) VALUES (2846, N'test@wp.pl', 91, TO_TIMESTAMP('2024-05-08T16:34:19.090', 'YYYY-MM-DD"T"HH24:MI:SS.FF3'), 1);
INSERT INTO UserExerciseSets (Id, UserName, ExerciseSetId, DateAssigned, TrainingDay) VALUES (2847, N'test@wp.pl', 130, TO_TIMESTAMP('2024-05-08T16:34:19.090', 'YYYY-MM-DD"T"HH24:MI:SS.FF3'), 1);
INSERT INTO UserExerciseSets (Id, UserName, ExerciseSetId, DateAssigned, TrainingDay) VALUES (2848, N'test@wp.pl', 64, TO_TIMESTAMP('2024-05-08T16:34:19.090', 'YYYY-MM-DD"T"HH24:MI:SS.FF3'), 1);
INSERT INTO UserExerciseSets (Id, UserName, ExerciseSetId, DateAssigned, TrainingDay) VALUES (2849, N'test@wp.pl', 127, TO_TIMESTAMP('2024-05-08T16:34:19.090', 'YYYY-MM-DD"T"HH24:MI:SS.FF3'), 1);
INSERT INTO UserExerciseSets (Id, UserName, ExerciseSetId, DateAssigned, TrainingDay) VALUES (2850, N'test@wp.pl', 38, TO_TIMESTAMP('2024-05-08T16:34:19.090', 'YYYY-MM-DD"T"HH24:MI:SS.FF3'), 2);
INSERT INTO UserExerciseSets (Id, UserName, ExerciseSetId, DateAssigned, TrainingDay) VALUES (2851, N'test@wp.pl', 64, TO_TIMESTAMP('2024-05-08T16:34:19.090', 'YYYY-MM-DD"T"HH24:MI:SS.FF3'), 2);
INSERT INTO UserExerciseSets (Id, UserName, ExerciseSetId, DateAssigned, TrainingDay) VALUES (2852, N'test@wp.pl', 78, TO_TIMESTAMP('2024-05-08T16:34:19.090', 'YYYY-MM-DD"T"HH24:MI:SS.FF3'), 2);
INSERT INTO UserExerciseSets (Id, UserName, ExerciseSetId, DateAssigned, TrainingDay) VALUES (2853, N'test@wp.pl', 42, TO_TIMESTAMP('2024-05-08T16:34:19.090', 'YYYY-MM-DD"T"HH24:MI:SS.FF3'), 2);
INSERT INTO UserExerciseSets (Id, UserName, ExerciseSetId, DateAssigned, TrainingDay) VALUES (2854, N'test@wp.pl', 127, TO_TIMESTAMP('2024-05-08T16:34:19.090', 'YYYY-MM-DD"T"HH24:MI:SS.FF3'), 2);
INSERT INTO UserExerciseSets (Id, UserName, ExerciseSetId, DateAssigned, TrainingDay) VALUES (2855, N'test@wp.pl', 3, TO_TIMESTAMP('2024-05-08T16:34:19.090', 'YYYY-MM-DD"T"HH24:MI:SS.FF3'), 2);
INSERT INTO UserExerciseSets (Id, UserName, ExerciseSetId, DateAssigned, TrainingDay) VALUES (2856, N'test@wp.pl', 116, TO_TIMESTAMP('2024-05-08T16:34:19.090', 'YYYY-MM-DD"T"HH24:MI:SS.FF3'), 2);
INSERT INTO UserExerciseSets (Id, UserName, ExerciseSetId, DateAssigned, TrainingDay) VALUES (2857, N'test@wp.pl', 103, TO_TIMESTAMP('2024-05-08T16:34:19.090', 'YYYY-MM-DD"T"HH24:MI:SS.FF3'), 2);
INSERT INTO UserExerciseSets (Id, UserName, ExerciseSetId, DateAssigned, TrainingDay) VALUES (2858, N'test@wp.pl', 20, TO_TIMESTAMP('2024-05-08T16:34:19.090', 'YYYY-MM-DD"T"HH24:MI:SS.FF3'), 2);
INSERT INTO UserExerciseSets (Id, UserName, ExerciseSetId, DateAssigned, TrainingDay) VALUES (2859, N'test@wp.pl', 84, TO_TIMESTAMP('2024-05-08T16:34:19.090', 'YYYY-MM-DD"T"HH24:MI:SS.FF3'), 2);
INSERT INTO UserExerciseSets (Id, UserName, ExerciseSetId, DateAssigned, TrainingDay) VALUES (2860, N'test@wp.pl', 114, TO_TIMESTAMP('2024-05-08T16:34:19.090', 'YYYY-MM-DD"T"HH24:MI:SS.FF3'), 2);
INSERT INTO UserExerciseSets (Id, UserName, ExerciseSetId, DateAssigned, TrainingDay) VALUES (2861, N'test@wp.pl', 83, TO_TIMESTAMP('2024-05-08T16:34:19.090', 'YYYY-MM-DD"T"HH24:MI:SS.FF3'), 2);
INSERT INTO UserExerciseSets (Id, UserName, ExerciseSetId, DateAssigned, TrainingDay) VALUES (2862, N'test@wp.pl', 75, TO_TIMESTAMP('2024-05-08T16:34:19.090', 'YYYY-MM-DD"T"HH24:MI:SS.FF3'), 2);
INSERT INTO UserExerciseSets (Id, UserName, ExerciseSetId, DateAssigned, TrainingDay) VALUES (2863, N'test@wp.pl', 132, TO_TIMESTAMP('2024-05-08T16:34:19.090', 'YYYY-MM-DD"T"HH24:MI:SS.FF3'), 3);
INSERT INTO UserExerciseSets (Id, UserName, ExerciseSetId, DateAssigned, TrainingDay) VALUES (2864, N'test@wp.pl', 114, TO_TIMESTAMP('2024-05-08T16:34:19.090', 'YYYY-MM-DD"T"HH24:MI:SS.FF3'), 3);
INSERT INTO UserExerciseSets (Id, UserName, ExerciseSetId, DateAssigned, TrainingDay) VALUES (2865, N'test@wp.pl', 91, TO_TIMESTAMP('2024-05-08T16:34:19.090', 'YYYY-MM-DD"T"HH24:MI:SS.FF3'), 3);

INSERT INTO UserMealSets (Id, UserName, BreakfastId, LunchId, DinnerId, MealDay) VALUES (238, N'testy@wp.pl', 1, 33, 14, 1);
INSERT INTO UserMealSets (Id, UserName, BreakfastId, LunchId, DinnerId, MealDay) VALUES (239, N'testy@wp.pl', 2, 36, 17, 2);
INSERT INTO UserMealSets (Id, UserName, BreakfastId, LunchId, DinnerId, MealDay) VALUES (240, N'testy@wp.pl', 8, 45, 20, 3);
INSERT INTO UserMealSets (Id, UserName, BreakfastId, LunchId, DinnerId, MealDay) VALUES (241, N'testy@wp.pl', 22, 4, 29, 4);
INSERT INTO UserMealSets (Id, UserName, BreakfastId, LunchId, DinnerId, MealDay) VALUES (242, N'testy@wp.pl', 15, 37, 26, 5);
INSERT INTO UserMealSets (Id, UserName, BreakfastId, LunchId, DinnerId, MealDay) VALUES (243, N'testy@wp.pl', 8, 6, 28, 6);
INSERT INTO UserMealSets (Id, UserName, BreakfastId, LunchId, DinnerId, MealDay) VALUES (244, N'testy@wp.pl', 2, 23, 21, 7);

INSERT INTO Weight (Id, WeightDate, UserWeight, GoalWeight, UserName) VALUES (55, TO_TIMESTAMP('2024-03-11T10:22:18.343', 'YYYY-MM-DD"T"HH24:MI:SS.FF3'), 80.00, NULL, N'test123@wp.pl');
INSERT INTO Weight (Id, WeightDate, UserWeight, GoalWeight, UserName) VALUES (56, TO_TIMESTAMP('2024-03-11T10:22:23.233', 'YYYY-MM-DD"T"HH24:MI:SS.FF3'), NULL, 66.00, N'test123@wp.pl');
INSERT INTO Weight (Id, WeightDate, UserWeight, GoalWeight, UserName) VALUES (69, TO_TIMESTAMP('2024-03-18T18:03:14.960', 'YYYY-MM-DD"T"HH24:MI:SS.FF3'), 88.00, NULL, N'untus1@wp.pl');
INSERT INTO Weight (Id, WeightDate, UserWeight, GoalWeight, UserName) VALUES (71, TO_TIMESTAMP('2024-03-19T18:03:14.960', 'YYYY-MM-DD"T"HH24:MI:SS.FF3'), 89.00, NULL, N'untus1@wp.pl');
INSERT INTO Weight (Id, WeightDate, UserWeight, GoalWeight, UserName) VALUES (72, TO_TIMESTAMP('2024-03-20T18:03:14.960', 'YYYY-MM-DD"T"HH24:MI:SS.FF3'), 87.00, NULL, N'untus1@wp.pl');
INSERT INTO Weight (Id, WeightDate, UserWeight, GoalWeight, UserName) VALUES (73, TO_TIMESTAMP('2024-03-21T18:03:14.960', 'YYYY-MM-DD"T"HH24:MI:SS.FF3'), 87.00, NULL, N'untus1@wp.pl');
INSERT INTO Weight (Id, WeightDate, UserWeight, GoalWeight, UserName) VALUES (74, TO_TIMESTAMP('2024-03-22T18:03:14.960', 'YYYY-MM-DD"T"HH24:MI:SS.FF3'), 89.00, NULL, N'untus1@wp.pl');
INSERT INTO Weight (Id, WeightDate, UserWeight, GoalWeight, UserName) VALUES (75, TO_TIMESTAMP('2024-03-23T18:03:14.960', 'YYYY-MM-DD"T"HH24:MI:SS.FF3'), 85.00, NULL, N'untus1@wp.pl');
INSERT INTO Weight (Id, WeightDate, UserWeight, GoalWeight, UserName) VALUES (76, TO_TIMESTAMP('2024-03-24T18:03:14.960', 'YYYY-MM-DD"T"HH24:MI:SS.FF3'), 87.00, NULL, N'untus1@wp.pl');
INSERT INTO Weight (Id, WeightDate, UserWeight, GoalWeight, UserName) VALUES (77, TO_TIMESTAMP('2024-03-25T18:03:14.960', 'YYYY-MM-DD"T"HH24:MI:SS.FF3'), 88.00, NULL, N'untus1@wp.pl');
INSERT INTO Weight (Id, WeightDate, UserWeight, GoalWeight, UserName) VALUES (78, TO_TIMESTAMP('2024-03-26T18:03:14.960', 'YYYY-MM-DD"T"HH24:MI:SS.FF3'), 85.00, NULL, N'untus1@wp.pl');
INSERT INTO Weight (Id, WeightDate, UserWeight, GoalWeight, UserName) VALUES (79, TO_TIMESTAMP('2024-03-27T18:03:14.960', 'YYYY-MM-DD"T"HH24:MI:SS.FF3'), 82.00, NULL, N'untus1@wp.pl');
INSERT INTO Weight (Id, WeightDate, UserWeight, GoalWeight, UserName) VALUES (82, TO_TIMESTAMP('2024-03-28T15:46:52.733', 'YYYY-MM-DD"T"HH24:MI:SS.FF3'), 85.00, NULL, N'untus1@wp.pl');
INSERT INTO Weight (Id, WeightDate, UserWeight, GoalWeight, UserName) VALUES (83, TO_TIMESTAMP('2024-04-03T22:46:04.630', 'YYYY-MM-DD"T"HH24:MI:SS.FF3'), 88.00, NULL, N'untus1@wp.pl');
INSERT INTO Weight (Id, WeightDate, UserWeight, GoalWeight, UserName) VALUES (1084, TO_TIMESTAMP('2024-04-08T15:37:33.783', 'YYYY-MM-DD"T"HH24:MI:SS.FF3'), 86.00, NULL, N'untus1@wp.pl');
INSERT INTO Weight (Id, WeightDate, UserWeight, GoalWeight, UserName) VALUES (1086, TO_TIMESTAMP('2024-04-28T13:22:44.070', 'YYYY-MM-DD"T"HH24:MI:SS.FF3'), 86.00, NULL, N'untus1@wp.pl');
INSERT INTO Weight (Id, WeightDate, UserWeight, GoalWeight, UserName) VALUES (1088, TO_TIMESTAMP('2024-04-28T13:37:26.420', 'YYYY-MM-DD"T"HH24:MI:SS.FF3'), NULL, 60.00, N'untus1@wp.pl');
INSERT INTO Weight (Id, WeightDate, UserWeight, GoalWeight, UserName) VALUES (1089, TO_TIMESTAMP('2024-04-03T17:14:30.323', 'YYYY-MM-DD"T"HH24:MI:SS.FF3'), 85.00, NULL, N'test@wp.pl');
INSERT INTO Weight (Id, WeightDate, UserWeight, GoalWeight, UserName) VALUES (1090, TO_TIMESTAMP('2024-04-04T17:14:30.323', 'YYYY-MM-DD"T"HH24:MI:SS.FF3'), 84.00, NULL, N'test@wp.pl');
INSERT INTO Weight (Id, WeightDate, UserWeight, GoalWeight, UserName) VALUES (1091, TO_TIMESTAMP('2024-04-05T17:14:30.323', 'YYYY-MM-DD"T"HH24:MI:SS.FF3'), 84.80, NULL, N'test@wp.pl');
INSERT INTO Weight (Id, WeightDate, UserWeight, GoalWeight, UserName) VALUES (1092, TO_TIMESTAMP('2024-04-06T17:14:30.323', 'YYYY-MM-DD"T"HH24:MI:SS.FF3'), 85.80, NULL, N'test@wp.pl');
INSERT INTO Weight (Id, WeightDate, UserWeight, GoalWeight, UserName) VALUES (1093, TO_TIMESTAMP('2024-04-07T17:14:30.323', 'YYYY-MM-DD"T"HH24:MI:SS.FF3'), 83.90, NULL, N'test@wp.pl');
INSERT INTO Weight (Id, WeightDate, UserWeight, GoalWeight, UserName) VALUES (1094, TO_TIMESTAMP('2024-04-08T17:14:30.323', 'YYYY-MM-DD"T"HH24:MI:SS.FF3'), 84.50, NULL, N'test@wp.pl');
INSERT INTO Weight (Id, WeightDate, UserWeight, GoalWeight, UserName) VALUES (1095, TO_TIMESTAMP('2024-04-09T17:14:30.323', 'YYYY-MM-DD"T"HH24:MI:SS.FF3'), 85.50, NULL, N'test@wp.pl');

-- -------------------------------------------------------------------------------
-- Delete / Drop                                            
-- -------------------------------------------------------------------------------

DROP TABLE AspNetRoleClaims CASCADE CONSTRAINTS;
DROP TABLE AspNetRoles  CASCADE CONSTRAINTS;
DROP TABLE AspNetUserClaims  CASCADE CONSTRAINTS;
DROP TABLE AspNetUserLogins  CASCADE CONSTRAINTS;
DROP TABLE AspNetUserRoles  CASCADE CONSTRAINTS;
DROP TABLE AspNetUsers  CASCADE CONSTRAINTS;
DROP TABLE AspNetUserTokens  CASCADE CONSTRAINTS;
DROP TABLE UserChatMessages CASCADE CONSTRAINTS;
DROP TABLE ContactMessage  CASCADE CONSTRAINTS;
DROP TABLE BmiResult CASCADE CONSTRAINTS;
DROP TABLE Weight CASCADE CONSTRAINTS;
DROP TABLE Price CASCADE CONSTRAINTS;
DROP TABLE UserCaloriesNeeded CASCADE CONSTRAINTS;
DROP TABLE FoodProducts CASCADE CONSTRAINTS;
DROP TABLE UserExerciseSets CASCADE CONSTRAINTS;
DROP TABLE Exercises CASCADE CONSTRAINTS;
DROP TABLE UserAnswersExercises CASCADE CONSTRAINTS;
DROP TABLE QuestionExercises CASCADE CONSTRAINTS;
DROP TABLE PossibleAnswersExercises CASCADE CONSTRAINTS;
DROP TABLE UserAnswersDietCalories CASCADE CONSTRAINTS;
DROP TABLE QuestionDiet CASCADE CONSTRAINTS;
DROP TABLE PossibleAnswersDiet CASCADE CONSTRAINTS;
DROP TABLE UserAnswersDiet CASCADE CONSTRAINTS;
DROP TABLE UserMealSets CASCADE CONSTRAINTS;
DROP TABLE Meals CASCADE CONSTRAINTS;
DROP TABLE Recipes CASCADE CONSTRAINTS;
DROP TABLE UserCaloriesResult CASCADE CONSTRAINTS;