18583;1862;28946;80;29215;28108;14445;19645;27557;4635
4382;2323;7588;6228;13840;20131;7681;22871;3317;23402
9617;4663;26596;23851;32476;10220;2631;29378;21024;21320
29940;22452;29337;18733;15770;28170;4352;13052;30047;6752
30546;2896;25287;9785;12754;13037;4824;7317;18769;20979
1404;21702;29357;22872;31014;8063;22424;14484;6584;18990
23706;7070;5797;27787;2137;17688;25682;13425;28697;22726
11459;9198;19839;10821;13171;30102;8602;25594;12419;6940
2340;6728;26391;2595;9732;7942;31486;19281;16920;10544
18833;32677;3890;9436;18909;20491;10336;16240;14340;31534
14449;1043;4064;30094;27060;7265;6890;20434;771;2403
5466;22367;22016;26814;11920;9513;25247;6698;26803;3785
21477;22822;7064;11729;14831;7915;7909;29020;9525;24734
24438;28137;1808;32201;25599;24425;31610;29452;1267;4502
24597;9488;23461;8839;23664;22461;11438;21377;16261;9645
20878;23569;22150;3040;26006;29527;8409;23985;14853;933
1377;13576;21873;15433;27903;13010;616;30118;26200;9134
12632;7050;14041;23785;12716;4539;31993;26029;1592;18131
18366;16501;22743;26958;18307;26820;20818;29410;31736;22807
21380;32271;874;11544;26812;6646;28485;13332;22627;4206
16855;1967;13279;21077;31062;31447;22966;32292;19493;29942
13303;13510;31315;3436;13782;12459;22629;31548;23702;21272
30549;11525;14252;7105;3546;7477;15393;16025;1770;13945
26424;19433;22909;23672;29777;7839;3477;27840;10765;1257
4731;19456;691;22275;19019;21369;13266;28750;28338;12975
22824;16033;13047;6500;18115;23523;18232;15814;18022;26074
8439;4840;17454;2110;11477;17263;11893;27922;19868;17550
3319;1844;19587;5428;4915;27442;7854;32131;12821;10847
9205;25221;27857;25638;17126;538;29970;415;1549;11061
21076;20320;7795;17992;6286;27030;28516;16893;29205;11860
1909;14375;189;10794;10950;24312;23105;13050;21125;6772
9189;9479;17843;16933;4441;30287;12075;28433;19169;5147
21728;26089;32435;16084;21606;29059;8608;22552;2228;16778
8951;22285;32040;8565;6055;22261;4555;7093;8355;29699
13527;23859;4235;27245;21878;27897;5256;11203;29645;3119
25720;24191;29241;21066;15947;31709;3032;22912;12460;32749
5196;3967;30948;24550;25787;32350;30716;15037;6682;8660
802;30710;2220;7336;4943;18619;2245;25192;6182;16171
212;10590;29214;28660;20640;14528;22499;21028;466;26407
11002;20796;25012;23874;32676;17798;26680;28876;23558;18089
4156;11195;29318;3195;1292;21435;23416;21014;18729;1498
4602;28462;14921;14981;14364;7074;5790;17843;26181;4432
26459;10080;2514;46;29813;16445;5887;2199;9638;16038
4619;12258;29880;22484;13207;825;21760;8532;11344;23720
13353;7863;19405;32373;30771;22412;3770;30896;7866;2443
22583;3338;24956;19219;23163;1259;1046;12759;29373;11710
12046;20948;31828;28560;31766;10374;24349;12761;6031;18523
23837;665;6989;22632;25447;13223;1690;15450;25152;25158
30589;30896;28802;7418;2364;10024;15934;7066;31775;3959
6821;15781;2679;14397;4393;17113;3807;1080;25055;29186
24514;12216;22824;8721;1053;16979;19088;22893;9606;18649
13046;30606;25454;27531;17902;7367;27555;13447;27235;17507
31768;6791;27265;17652;12777;9163;23249;10984;18842;13652
31910;8541;13472;25171;8121;23863;10274;20449;18192;15983
2304;240;5412;7085;22805;7810;17218;27674;2489;4121
10290;17263;22410;30830;4631;21587;4973;27237;30614;27875
31951;27201;17466;8594;4401;3860;17431;6707;29923;22650
29358;13652;22799;3207;12561;30158;762;12798;10056;28314
22663;31428;21746;8422;5629;12948;5423;104;4361;1523
6590;4595;11527;13671;8547;22600;25725;2276;28044;814
3048;6023;15155;5317;12732;14215;17158;28951;16294;10856
1222;3056;16660;22897;25069;10480;29431;13921;19347;25054
199;5214;1938;26431;4808;3374;20713;12071;4493;18089
22366;1616;17082;11374;25192;14185;8974;29142;6987;15536
8608;28710;17029;12227;8296;13577;21609;27571;24066;21821
24842;5467;11439;22412;7002;32240;6813;19454;25491;5081
28520;25421;20694;21952;8928;6809;32274;31721;12557;20317
7720;19394;28528;20386;6989;18876;18316;14962;17839;15706
31397;17552;21851;15239;21192;13670;17246;11053;25867;12351
15914;30723;18710;7606;15676;26535;27106;18798;30716;17644
21441;2052;17381;21877;9119;31042;7653;19843;31623;14998
25351;13835;8297;7618;31823;30988;9498;14292;485;2079
18076;23641;6519;20816;23968;22734;5080;30252;2377;1111
3565;31003;30515;30644;6345;21744;27828;368;11543;12991
30049;10843;28088;12782;23252;24123;32174;30351;18861;3263
27961;29165;18391;22196;575;6501;24589;7035;24561;32632
9884;31419;20908;798;31594;7763;15645;2396;11575;24723
32681;29976;25123;8875;15116;20781;26992;26467;21824;24763
23178;1549;12192;2496;9540;2488;22861;19949;30565;4263
16593;17842;7011;16386;10498;20892;13422;8138;25897;30176
31664;29458;8292;5176;25300;24685;13385;30701;16325;32419
21196;26677;26040;6568;1891;13504;20332;17358;21352;28814
16048;1849;27070;20227;29991;19347;19895;22333;27208;17410
22837;24997;8872;31063;28176;5060;3196;17545;22200;20057
1369;19809;6684;16808;27967;24950;18122;7188;27350;14172
31063;1776;17655;29209;8705;26003;30062;30936;19859;2730
22783;30434;30089;22483;8359;6089;7029;31591;26659;21478
13217;16534;5559;24838;8950;9658;26408;7009;21532;11493
20490;31436;10211;6844;3394;26671;17634;6025;4547;1848
2654;26251;12443;18513;10861;10129;10291;22224;12122;22215
29394;14190;28748;32463;100;11003;14627;20755;15738;10576
10659;6234;2961;2180;4052;14746;3735;9315;16808;14093
29611;6683;14815;27015;5413;27705;31784;25607;8150;8916
1161;13708;7569;15368;17920;32042;2281;167;31851;1116
20029;4394;21925;21404;24050;16110;13810;30001;13312;1437
7069;23113;30896;14569;26079;5703;7844;14977;771;25694
8727;19517;18888;11103;19814;21148;519;29647;9935;7025
24725;1085;27513;31961;31339;6098;15285;24688;29444;25386
23684;3781;27143;23394;12889;20235;27686;29555;22816;12049
27462;17342;32126;1908;480;20456;23387;4115;1447;24295
1438;6339;11627;6493;23351;14916;20029;25125;19811;4980
29652;7468;23339;26307;22575;22659;26158;11239;32380;2994
17569;27089;30009;24910;13460;27871;921;16078;5239;11603
17961;32410;1244;31236;32435;4197;22399;15187;7010;29629
28547;25185;14632;16608;30462;22655;9565;13266;3512;742
8873;28076;21808;11945;29987;24631;32224;30951;31162;6073
14786;1861;19669;22287;14355;9371;17462;14844;3671;5614
16420;20929;12957;15263;6089;28654;27396;21217;9433;4983
22142;27504;12916;11274;29396;25985;21326;10144;17387;3060
25357;32339;69;7889;14066;12399;26314;25074;16828;27339
8649;1021;11977;17754;23354;29078;14463;20477;26182;26834
15850;24987;8713;24814;23462;23924;31126;6721;3072;25266
9531;27247;4696;6721;4359;6368;13770;5857;3210;24432
3853;31610;10204;25448;28058;23471;25057;15022;6161;2741
3018;20792;27609;19558;1503;17094;8199;7313;14716;31953
12162;149;29786;15550;11876;5934;2320;15960;3747;23182
22746;11901;6128;18608;10904;13847;5855;26089;29466;12623
1865;19904;29338;26365;15855;17919;19338;21602;21855;2058
30353;24857;25116;13424;14288;3915;12793;9408;31081;31779
6854;3998;12098;17537;7214;13077;10246;8691;22752;31023
28525;21473;10989;19139;9662;10503;22385;1167;28818;15656
9590;17030;26842;16129;23573;30059;10787;21117;27614;30367
26393;25383;18299;3640;10058;31460;12175;8018;4653;28898
30180;28330;27491;1228;31686;14185;9276;14912;28586;573
9853;2178;3604;29358;15457;12914;27063;32432;14813;23227
32477;17524;19240;10318;5641;29316;3195;3855;14811;30223
20246;4301;17461;25473;12163;2680;18076;19799;24862;24974
20961;32050;21205;9687;24832;17194;4397;31570;27464;20324
2437;24687;25020;18919;4767;9342;7098;7339;24156;8808
30426;9203;14535;5021;11801;14557;14421;3917;11319;19000
17260;2523;23901;30613;3873;26767;17411;25249;31558;32139
21777;10930;28580;0;24388;18079;7813;21665;468;12501
20598;14936;30292;6567;7498;12088;12761;5094;13922;8628
8542;28594;9772;16910;1383;14223;10474;2066;12517;956
693;16643;12122;6080;30401;14806;5693;32325;17378;22942
1440;5929;19023;16456;7184;19411;16039;15752;25021;24003
3633;13331;28379;877;22632;15631;20807;18248;8631;8135
30062;23842;9089;29092;5739;25014;23908;29273;31087;14464
19391;30813;30822;31696;26481;414;8151;13086;21220;15476
25612;17309;22603;7379;12660;20242;7463;20934;23621;29927
12048;12056;13157;10619;19890;24404;14987;6077;5654;29169
20386;16633;29475;6598;16238;20210;30564;12228;3441;19504
1035;19939;29456;13979;24886;5725;23026;8265;11122;31515
21929;21141;14973;6508;24724;10097;25937;32253;24579;3325
18269;25862;13213;26456;27414;19137;21503;17589;32174;24608
17574;6066;28707;14271;23823;27622;10620;16152;11548;18617
11856;22518;186;13945;24967;9772;18113;6570;16996;25990
24348;22685;19396;23552;5161;32580;22688;15414;17250;21828
12761;3100;31038;6732;10549;25583;1106;23717;26020;6507
17340;7691;17609;11071;13505;15036;30133;190;949;18126
12534;20951;9243;21957;12752;19271;13326;24677;21706;17165
12000;15557;32621;4382;13056;23717;13640;24667;24353;17921
32311;3008;2712;31207;485;23518;23814;15749;31888;14475
2360;31110;28940;8920;12107;9119;15371;2883;10772;26212
27803;22574;19391;31585;1520;12432;19893;27494;3684;24299
30660;10530;4028;24702;17018;14835;27821;29883;30929;24829
12191;16635;7442;122;14000;23665;5363;9552;24828;22620
24834;28905;8476;6273;25415;21823;6380;4057;31013;22326
8849;13703;27778;19247;27323;17932;40;16346;40;9406
7018;2891;31850;29047;22794;11857;10729;9866;32090;515
19243;21243;6050;25499;26451;17647;21186;21128;16360;14433
14616;13502;21464;24087;28580;13649;5053;20180;11370;28994
11102;16080;27672;26265;1145;1381;10985;22963;26304;19723
9417;9438;22817;32646;24762;9763;10314;16990;2934;16227
13933;6032;25942;7334;30784;30339;18290;13487;17225;28989
1034;14292;20824;14807;9765;24844;7509;7214;21623;23882
32059;16348;23432;15625;7525;18023;8979;9256;16649;6583
4780;11257;27650;32462;10662;11157;22994;16563;20020;23154
26087;1967;6094;311;18717;12476;6359;11470;20613;14651
27516;6075;29029;4837;1503;15789;24191;29700;6517;19795
662;30691;428;27761;1071;9091;1490;563;13973;8847
29234;31681;7199;20626;19584;16147;23989;25192;10103;16391
23441;17395;22976;27569;15171;32271;7190;24050;5880;14535
21160;5452;12795;11721;1470;6388;22140;7959;19872;17705
16529;9728;13748;12741;14970;28239;23270;26386;20009;12738
18764;21726;12290;1981;23818;16338;18143;23872;10868;6399
30039;10519;12659;29626;2112;12368;24618;3498;28274;28402
10457;7455;7630;30956;12033;22949;18815;26444;20425;29402
19840;9649;2464;27004;29534;13315;1828;32454;29760;12385
20802;11773;23588;15707;27807;25670;12907;6242;26167;27322
2968;29820;4933;14012;26709;27965;2146;5258;1463;9714
3056;24595;706;26911;1977;16393;32560;23596;15828;5942
5998;7003;17609;8211;25064;20989;3828;26263;20870;8934
303;5197;8566;29982;23723;17065;11821;30937;31;18332
24488;30889;17445;12390;2296;19187;30432;24236;24829;30624
15075;31690;30834;26132;19790;13930;20777;10084;30522;32342
31384;12483;11864;12938;22421;6718;10452;30094;29022;13738
26752;7170;31708;4570;302;27002;28457;15893;7773;3981
23119;25030;3097;9001;21331;31862;18204;31785;10354;25080
22585;13098;13994;18147;32507;12698;2428;28998;28553;2065
10225;24982;10188;32485;13019;2027;8148;5369;14429;22892
22904;24789;24749;23048;4925;2044;22553;28264;8826;16505
6728;2593;14521;4284;707;3629;6239;16804;18099;27548
31888;14045;15341;24199;14413;8556;4395;21830;20703;16520
23452;22498;6009;9388;7584;973;1561;10474;10956;28625
25519;5762;3381;3143;29569;9907;20459;21385;13262;22225
21187;24234;28593;17048;2906;12900;10313;30912;22358;22609
6423;32209;17391;6238;23463;28985;28335;26238;28275;2204
25461;22683;8964;21867;7104;14546;14170;2232;810;2015
7822;10569;9523;982;15542;28651;26688;1813;6665;15880
31204;21366;20804;25212;20573;7625;15692;8357;25954;28033
10772;11705;3612;9389;3265;6237;5234;17450;1804;20083
30089;16407;14824;13619;27019;30858;11109;1917;6312;10881
17365;28269;8539;27932;9773;2097;21487;3849;26542;20759
18241;26687;27332;8938;10951;29679;24878;15999;31185;18103
14687;5003;29711;13594;31524;15031;32596;15917;22408;22007
22169;3730;28661;19223;10821;12202;6299;3223;5548;14087
6677;25784;3541;2592;13898;30423;11648;2633;29842;27386
615;15586;31003;30633;16325;17358;27530;15871;31253;14887
12517;11264;20508;18735;31920;22829;9513;2442;32086;4438
20636;1195;10187;432;26277;27277;26224;15399;32334;20387
12087;1269;6332;1809;17671;7796;3505;27932;10338;1840
8534;13791;31557;24129;10040;5184;23631;25048;22160;19747
32038;15383;13255;2782;30743;4646;13113;1260;10492;2435
31034;20453;3427;14233;23382;27053;28652;12181;1757;21996
25331;8821;28832;24255;20079;17761;29173;19886;5402;29247
14081;12509;5331;13954;25142;134;1600;17474;2330;14502
32695;31122;28234;15095;8031;29198;7359;3359;8338;22195
18513;18215;24710;24564;6009;17966;5677;15881;14939;30559
16729;23435;29444;20256;5412;11838;29424;16524;24975;2606
12751;18724;16489;11005;8584;25793;2419;26491;25471;32206
20929;17271;25364;11699;31331;21461;31084;24980;4677;10465
32371;14140;3924;13027;27425;9812;8930;21748;28925;18905
11596;6671;10976;24013;5338;16491;19196;17708;998;3848
27164;11297;21057;10632;23597;6778;7634;22081;11774;2650
22144;27280;12356;22317;16723;20848;13281;6369;14037;24651
23398;16212;8383;28176;9686;520;31441;24709;5805;30750
23298;9183;7968;27778;17625;16528;11431;16995;19483;864
185;32230;19110;27583;13782;17691;11677;21593;5579;27952
7621;2540;9522;26596;1839;17494;2104;9535;17432;13811
9379;15744;28429;9509;9491;30552;8275;17460;16775;32341
6789;15193;28964;23969;10879;6421;26930;4844;15995;7367
3432;19879;30842;3966;13673;11891;16358;7948;27534;6873
5749;28508;2278;31035;13392;22021;21115;26890;12149;29726
31703;19258;12889;8789;12999;12019;1490;25403;6239;30346
29237;20450;19262;18607;15291;12970;26388;8680;15914;17496
7521;6718;27569;16232;19327;13109;13075;15781;12770;16898
4360;5110;12447;18937;20704;8315;11563;23365;16489;16088
1381;18907;23315;22225;13271;20657;12370;14616;2361;29994
2372;15970;7991;16085;4500;23744;26741;5976;1950;10029
463;26279;14291;27491;10469;16250;18271;25076;31703;12285
4618;9365;26189;2761;8028;24253;24507;15379;29445;27759
24291;32547;15484;23379;9883;2056;10725;524;20432;30091
25144;8646;13515;8033;27296;17934;8627;5285;31521;22247
28243;24197;1662;4378;25886;23355;31066;22733;7024;17727
29853;6743;7959;15034;1817;11603;7442;22846;10862;28147
26008;16821;1834;152;29021;6296;17461;29599;19472;22114
25965;13181;2088;31811;32141;1294;8160;280;14163;31274
26496;2715;31202;5242;29919;18135;11365;2697;8230;31200
23797;25374;470;5056;20157;23242;4621;25268;13147;18365
19717;13721;5002;28637;221;673;11006;1306;10396;26186
15248;15355;30835;3729;7067;12413;32578;26210;934;3358
350;5460;24387;10293;28818;10131;9526;2948;9571;29213
31450;6672;15768;1842;9921;18481;17402;20229;5787;6629
1369;6328;31833;23401;14031;14215;18066;18443;20809;68
30757;4922;17986;15107;8992;2015;29138;23830;2784;12784
28136;7996;12666;17985;10963;17429;21594;15518;28936;8921
7210;20504;12319;19018;1014;22940;16158;20455;15245;14538
29178;8035;2346;16131;10331;24149;28243;20676;14752;14385
5122;12595;25123;9847;16899;11256;5566;2346;26013;4430
23438;9092;27508;14426;5878;20712;28846;31675;25063;1560
3925;25698;23647;29352;18940;30372;5424;22195;23206;21901
28675;24780;26851;12408;11420;10295;27452;11996;29536;5978
14289;20073;2836;23150;2113;26452;7143;9850;29898;19183
9139;27778;10930;12412;32640;19707;25061;25667;11850;24451
21983;27874;12548;8911;17868;6885;11228;10469;16366;13974
11457;21387;15424;16406;15138;13567;19033;30125;5369;26856
22162;5215;15625;31117;19051;1728;15971;9541;3115;30217
18735;6190;8647;29034;3241;28194;31493;8098;29290;4327
9953;11982;7913;18086;30768;30334;23361;1183;23939;14
19509;23066;28750;26932;6769;1953;32586;21717;28690;5740
6167;24093;28521;1053;21542;16846;1788;22190;27862;12760
18126;11431;23261;1835;6881;7572;1258;17865;3832;32438
16777;10015;32673;24569;12358;7829;23667;21798;11797;3172
24469;24410;26865;4775;24192;2743;22212;16566;6149;5209
4999;2223;9105;11403;27306;13141;26032;10555;4022;17950
11728;15532;18993;3975;24904;1131;6338;19883;22424;1156
3989;8980;19442;25333;30209;19921;2042;30563;26472;21704
11211;780;31583;8014;14138;9469;14607;10997;14430;24197
23003;21413;17232;15337;8004;25071;5935;30041;16393;21405
5223;7203;12434;4750;26675;10279;19086;3521;4449;31115
6108;26799;8790;8880;17575;13534;25681;3684;31958;27059
16372;22105;14499;3720;3840;24021;15497;19198;15200;1196
20580;20884;20329;1644;29140;22649;23392;22999;1506;5279
21564;9366;19942;27409;20398;5931;9128;19590;16735;17704
16581;28470;7545;19870;5460;23276;1128;26585;29130;31581
23522;10314;2075;11448;31012;4549;2082;30334;16511;18157
23363;26772;24084;28652;17231;20119;31708;10343;24743;11631
6379;2480;25509;16167;26101;9534;27959;24827;19217;859
25293;10163;31421;31261;14710;3632;13858;28823;31813;29253
9882;25168;4602;21448;28784;14069;1502;2536;25319;16970
22511;25280;27005;102;6205;24877;8816;25120;20884;3293
16002;15813;1883;2217;3577;14348;19132;25381;24299;14667
11014;21877;4280;17130;1359;25698;216;14616;30557;6061
13527;29886;31175;15266;26013;12721;25943;24817;20467;11564
26547;3770;28227;2173;11068;23271;32671;17406;13879;23742
5;26183;17707;11702;30178;9122;9353;27786;14548;6592
19858;30349;5556;29610;19062;19261;29652;2553;9657;19994
24453;21322;26843;23225;7645;14573;28216;24340;11703;9181
2605;28708;23034;22005;20348;3250;16671;25440;29426;618
30189;24658;4679;10545;7559;5877;25157;26808;11945;22951
2092;15441;13871;17762;8790;10498;17623;2171;17431;23000
27207;400;26855;22142;24914;19132;8899;2062;20855;1292
2000;39;18858;30775;9026;13888;22616;23177;28028;12092
25765;21793;3960;17214;11512;6236;30058;30142;3769;5265
29856;5085;31577;11007;2221;3317;16019;27395;27590;14709
31218;12175;3692;1004;31124;12503;12876;10339;17965;24141
11363;32240;6222;5328;4709;32392;4328;1312;22368;277
23308;24214;7068;22984;6900;4626;13255;21681;20039;16692
11086;16013;409;11727;17934;28639;32561;15770;17708;3650
23312;26153;29505;30717;47;5404;15291;3544;8967;26775
20864;20270;15702;19442;10452;31812;30497;19633;18556;13017
8437;15286;13859;14590;9075;28341;510;27176;2060;13801
13740;31364;32520;23045;10848;1162;1741;13934;2625;5333
6238;17319;273;10290;32034;9740;24589;20471;12775;5316
14613;28822;31526;11505;13581;20081;3720;1321;10627;23792
30122;5418;12690;977;3613;17865;19974;20160;19122;15660
20672;15144;6644;15161;5981;6216;5621;6734;22802;11657
24910;18483;3034;6927;21857;19277;9428;10382;26081;10260
14310;30303;23957;15047;15015;17619;22616;22878;28284;17863
7781;20928;13825;11384;17617;6198;22954;28569;14169;14879
32682;29091;3934;26854;23315;877;23598;12594;22079;29948
16517;12892;15472;10396;2388;27174;9907;23599;8640;26794
12298;7366;2158;144;13513;6254;10750;18308;8513;16973
17621;31463;5020;31981;14880;7365;21768;16087;28693;23816
28184;25956;10620;8939;23142;10704;30319;19121;8062;27792
8798;27542;19191;19173;17238;14854;7139;12978;20098;23053
23402;26763;22002;13839;10417;13326;21403;11705;15361;9846
9631;12599;25893;12141;8143;7335;18707;29730;22126;26574
8911;7324;1592;32266;2957;2894;15779;21128;3606;13035
11109;1207;2412;32379;13878;10493;9905;32687;16855;2472
26181;22385;17747;29735;2095;3264;5765;26234;21438;17851
3802;12519;623;5883;27993;24559;21010;23846;6624;640
553;21697;11696;8300;16529;25670;25899;29978;18788;19575
24285;17020;15901;13041;19386;20544;30717;15108;29862;27467
22958;8386;14651;31075;25639;2646;27590;29995;4815;920
11922;26197;17125;22494;13930;10771;10783;15892;5721;8142
8337;2831;30900;3611;16849;24094;26970;21483;10585;31714
5435;14849;20012;19296;8983;30890;16829;10581;2440;17832
22028;1481;1603;32367;28434;32743;6811;17044;863;29708
12615;4738;4098;12318;20836;18031;937;16927;702;29070
25865;5378;18251;1414;14464;20413;19960;18980;26873;10911
17064;32076;14353;12004;24442;12086;31096;5255;9035;11991
7577;12887;20861;6812;20349;13389;7926;26974;10732;3101
12395;32659;18390;20491;19934;9409;13298;31744;28517;27961
31653;18653;1838;27649;26917;3599;11456;16658;10462;24932
3459;22467;24085;26908;18051;27014;27339;5188;2929;6354
28388;11583;16107;14432;17032;31398;24572;4762;28618;25170
28903;17745;28551;17078;15136;1454;11665;30322;5276;24683
6157;13862;2634;19010;15898;19588;5090;5286;16820;20650
13533;6834;8407;23214;11972;14943;6631;26234;10414;28153
12111;22746;28677;6612;3689;23251;13960;25147;23966;32567
29078;7593;13774;26230;16041;14140;19185;21687;28961;5478
2047;28199;11587;22758;8718;3473;13441;2038;26298;26928
18171;31174;18890;31169;15943;5674;30225;22491;17773;15759
26001;899;21046;27956;17639;18940;17319;29591;9699;15836
18888;18733;17782;30053;31402;24917;26833;785;14503;1935
5579;23663;19948;7401;10883;9006;24885;18875;6215;1143
10200;30612;17845;8833;30981;10100;23584;15455;9804;30780
1078;2076;15711;29026;21983;29449;5914;26089;32616;15446
22464;913;26592;7648;17544;25163;20674;30538;4696;10223
15061;12111;4560;5169;4689;16214;23690;2258;26179;7495
26528;25107;12082;30622;8047;13167;26883;30654;28827;15497
1050;32391;25172;10852;29122;3882;9687;30930;20431;23612
16183;2095;30594;11018;11101;15182;29612;301;10061;12724
8726;20574;31916;29188;1057;5259;30591;6331;682;6186
26934;24349;10544;21197;23785;3696;7225;5622;24801;13159
20209;31789;2394;9697;15381;20049;4231;14548;9743;21292
14295;9859;8803;15689;20087;3320;29769;11018;280;3758
31387;27893;22258;27534;13554;1615;9;9756;9229;7148
22703;2291;2418;17733;17994;8303;19031;29643;20823;31913
31170;25723;8367;20392;19952;20403;14857;15317;1268;19268
11201;26288;31904;4808;984;9154;424;10806;14395;19410
6661;3763;25672;5212;20120;27051;32654;31551;14352;31265
29140;6838;21261;10307;10333;31113;24453;30530;4203;11141
20328;18784;6914;22057;2175;10827;11758;28066;32154;5033
9736;15866;25322;24564;20148;5260;428;24456;29358;7611
28423;17402;27143;19171;10808;21932;18794;21648;26092;10142
5796;11502;237;15751;9827;30337;29185;22565;1854;21270
11024;23505;7670;7930;14212;1366;22268;27753;6645;24835
4403;21321;11526;14335;9718;26905;2954;26589;12893;29988
17388;22640;1468;13562;23245;993;22893;17696;24814;17662
13776;519;8273;24533;10383;30011;9371;30850;12327;8925
8893;27717;164;19283;979;16600;1451;30014;5964;7679
17854;21420;12364;1376;2748;23696;12878;15509;29607;9071
20750;7552;21418;19547;1958;16606;603;11045;2807;14111
317;25295;15178;17270;6793;6464;22839;19756;23854;4923
455;31545;6678;19602;13781;11797;18091;24727;28858;19404
26778;22228;4649;4689;28374;10236;8023;25620;7137;3873
8031;17110;25927;31526;5862;27836;27755;13432;26362;20387
29829;2809;4928;18100;31212;8253;13135;22072;20113;8697
4951;22957;24524;2232;18438;22553;2396;11984;14764;29342
6569;21397;27293;8527;27467;24268;31959;12866;14288;30819
15076;16102;1978;18527;10242;2967;25544;29461;23426;1392
11127;9629;11118;21089;13511;18052;27246;10113;6466;7873
15596;22949;21563;3818;18807;23601;5716;9384;18533;8750
29251;9321;14013;5533;18133;23380;12372;6411;2610;19842
13621;18278;23140;5227;24134;26127;30483;414;17705;15664
2194;22966;9057;19024;22560;15241;27830;293;23911;1954
26842;3753;17737;23538;4172;21104;21980;30658;12413;568
21427;7148;6962;11202;19552;15179;25897;2272;27190;3952
30719;22992;13652;26006;31569;14792;26079;14296;22818;8658
11150;26274;24956;3546;3692;9830;20826;30725;19673;30096
16582;7749;23250;11963;15423;17963;26227;2853;3421;29436
1466;10592;30392;16902;29070;27723;26373;24884;29184;17985
26498;21473;24528;17552;18837;31210;24371;28461;22447;3335
14291;20646;3447;2139;28184;14935;6949;11849;422;6369
14379;8330;29991;27864;2331;15996;842;15292;7365;15805
9483;3371;17567;12537;19766;18516;19563;28928;32038;1455
21779;7196;5843;10476;22232;8097;4108;22313;3755;32709
27392;7527;23259;20914;6147;23359;19185;7130;9359;17873
26329;4235;23433;5886;28994;22211;15046;15575;10566;21829
25038;7508;20302;13292;24032;16970;28976;1856;30518;407
16795;23111;25481;30111;32437;2718;472;23037;11266;10951
870;8306;9096;24261;9730;21025;16945;26342;25482;4351
13168;19681;15026;19845;8231;26400;29954;1192;17609;9823
3614;6666;12988;24950;8266;8818;16641;4979;31277;12922
28694;16364;16853;1415;17691;29076;18684;4350;24629;1803
30346;22453;21040;16891;26971;4520;30056;19552;14401;31726
19945;10279;29517;25835;13525;15611;19018;18630;21254;30812
31883;4637;12021;13297;30183;21240;20954;22047;15617;2556
18453;24794;5837;18402;205;25275;847;18727;20695;32339
30630;22532;7385;31680;31050;2720;28335;6269;32402;12677
31245;2431;14457;2640;21606;25469;10657;2733;25613;23951
11928;22403;19099;8698;23387;15468;20112;8522;21016;14184
2109;7074;30520;27858;21985;21585;9885;6035;23314;9125
20008;18837;3934;23300;4479;4219;8243;12088;23309;21135
10748;7435;32330;30715;3213;31764;20284;13373;24257;13264
21310;981;17761;18165;28416;12864;12616;10498;13775;31786
18629;4635;15894;8672;65;17684;7973;32260;9762;31692
31794;29828;26095;28092;16541;19916;1716;9423;29049;21051
26792;5236;14407;14804;1549;9970;2820;17463;31576;13565
5479;3279;23186;7046;18276;28492;19966;25559;11508;4180
19964;12766;29464;24181;28205;27849;15899;8031;1496;21972
13592;23888;14220;351;26301;18639;7175;26180;27470;25245
5207;30567;26605;489;1855;31631;22296;2755;3548;6004
14963;26835;21384;15897;6600;8779;11519;31579;29516;5914
10945;19658;292;16483;10935;31929;30759;1069;11544;13201
9190;29020;28814;13163;1001;30688;6549;29149;20028;28972
26916;1043;31531;3305;18064;4386;15945;30188;8365;16026
4279;17254;27190;19290;12450;2651;13679;19625;14862;9046
13064;16770;15570;30810;6213;28718;29668;28443;12380;16921
471;17262;7455;4574;22178;26111;2778;8100;8867;13122
23423;8109;31460;5804;3328;5932;4764;28194;24317;31575
11769;16818;31647;18110;12828;9089;10180;30939;30310;19460
15964;13290;15090;18035;31506;27899;26722;16763;22576;25157
31967;22580;956;19389;19035;26450;12263;31207;27161;17055
17065;22252;2416;24233;10405;32238;29644;17079;20306;23704
32245;22274;2652;4857;13972;25378;26696;1426;32755;20679
14936;21933;30468;1705;21422;13297;19365;28610;17331;16692
28194;698;4026;29072;13819;23971;12257;9657;26088;18918
21304;28301;12571;15485;12070;12013;9669;9827;24072;4044
8411;10569;4378;31365;12058;1163;6555;3442;32585;20066
3372;16058;18878;19803;2426;8554;20771;1544;23324;200
24698;20725;3007;17892;27231;3293;7040;23407;11661;16670
27033;976;676;17515;4160;21877;14122;15297;14284;20839
6607;1436;9498;18466;7157;25962;1839;163;11375;832
18462;21954;12169;5068;25900;15810;14409;15499;4659;28711
26357;2107;11332;7623;4309;32660;16272;28452;5434;14899
9353;15609;960;31703;30788;14099;30671;12751;29730;28002
19816;25779;26799;28496;4894;29267;24522;30033;23906;9197
10759;18620;24324;29859;23377;24025;27383;7211;31444;21563
17237;12745;27162;20816;22946;31610;18291;26934;25685;15730
20379;2512;28052;7625;663;7194;16192;28786;4064;20409
20529;32620;19907;17623;5827;9020;16392;2093;25745;16282
29138;5473;12160;30827;9926;21395;27648;13039;10095;16435
23694;14140;11489;15381;31357;1515;12189;11975;23543;13841
7605;29730;15167;28529;15409;18463;824;21743;14256;9452
1323;29512;10323;18239;15301;2049;3286;19691;16223;13469
256;8625;20355;29203;13118;11864;5547;22655;23947;32255
1355;3864;17810;19891;32018;30818;2071;14909;3437;28325
13203;61;2126;9373;30238;637;15915;32371;25234;2687
3145;30444;4334;30552;8250;25825;7672;20161;5285;13551
20007;25708;19269;27503;22463;2964;10292;680;6206;1752
4714;31044;14583;10825;23936;9473;1789;25538;186;7593
578;7544;16197;21572;26624;11985;9661;10892;15448;20346
243;7841;5946;16564;12780;24318;14468;8430;813;23212
10094;7577;25397;8629;24869;30520;10316;10716;23222;2998
16763;19339;23086;23293;30940;2829;27391;14788;11028;509
29094;9896;6173;31999;8843;30079;12617;8622;24617;17641
2179;12501;17518;29223;17624;14561;22885;32561;16439;19606
17682;7938;12917;4610;27806;23607;3476;15791;21172;3544
28485;19997;13610;3702;19371;7023;11748;26998;13666;3941
23285;29356;26304;6538;21000;31788;28763;13231;25343;7772
12491;2711;28121;17998;31153;7924;20441;32333;1528;29330
11236;9398;9562;5587;4652;1290;16678;10587;19211;1856
7745;10252;18737;26976;107;3381;1794;14157;4804;11014
21306;29922;14735;17736;20691;11841;12597;17483;11816;25192
7821;5151;22362;31750;29786;1030;10227;19596;21014;14890
24521;15750;16366;3980;24358;11308;27661;26685;28197;9012
19741;23504;4959;26347;19979;16911;15815;1924;26379;30701
17875;28080;18397;28860;2525;5487;30542;26528;10696;27429
3073;17732;9702;32496;25199;3531;25881;569;29741;27402
26169;17289;13422;9972;8374;7326;5576;10837;22655;1727
7483;21444;26914;18764;9839;15058;19508;30361;15677;13192
24307;11004;12401;9745;11050;16933;16846;3763;14165;30382
5971;14852;8710;8179;20925;4442;3207;548;27725;2947
6337;25753;18891;5558;32348;25189;4811;2250;31528;10541
18735;32422;8892;6715;13549;7161;20829;462;3603;8747
17953;22708;2056;23955;10323;17435;8724;17386;31770;18341
